// ============================================================
// Intro de arranque de ORBY — GENERADO, no editar a mano
// Creado con tools/anim/index.html el 2026-07-29 11:04:29
// 95 fotogramas a 30 fps (3.17 s), 38776 bytes
//
// Ajustes con los que se generó (pegar en «Cargar ajustes» para retocarla):
// PRESET {"gapX":40,"gapY":34,"fps":30,"dither":"bayer","text":"ORBY","font":"Arial Black, Impact, sans-serif","weight":900,"tracking":0,"sizeStart":6,"sizeBase":30,"sizeMax":150,"msAppear":350,"msHold":250,"msGrow":550,"msShrink":400,"growEase":"in","shrinkEase":"in","clipS5":false,"flash":true,"flashFrames":2,"msBurst":500,"msFall":1100,"ringCount":3,"ringDelay":70,"ringSpeed":620,"ringThick":12,"ringFade":260,"pCount":750,"pSpeedMin":30,"pSpeedMax":300,"pSize":1,"pBig":25,"gravity":650,"drag":35,"jitter":45,"pFade":false}
// ============================================================
#pragma once
#include <stdint.h>

#define INTRO_FPS    30
#define INTRO_FRAMES 95

// Por fotograma: uint16 con las pantallas que cambian (bit 0 = OLED 1) y,
// por cada una, uint16 de longitud y su framebuffer comprimido en pares
// (repeticiones, valor).
static const uint8_t intro_stream[] = {
    0xff,0x03,0x04,0x00,0xff,0x00,0x69,0x00,0x04,0x00,0xff,0x00,0x69,0x00,0x04,0x00,
    0xff,0x00,0x69,0x00,0x04,0x00,0xff,0x00,0x69,0x00,0x28,0x00,0xaa,0x00,0x01,0x14,
    0x01,0x3c,0x01,0x34,0x01,0x3e,0x01,0x1c,0x01,0x38,0x01,0x34,0x01,0x3e,0x01,0x1c,
    0x01,0x2c,0x01,0x14,0x01,0x3e,0x02,0x3c,0x01,0x14,0x01,0x06,0x01,0x1c,0x01,0x3c,
    0x01,0x14,0xab,0x00,0x04,0x00,0xff,0x00,0x69,0x00,0x04,0x00,0xff,0x00,0x69,0x00,
    0x04,0x00,0xff,0x00,0x69,0x00,0x04,0x00,0xff,0x00,0x69,0x00,0x04,0x00,0xff,0x00,
    0x69,0x00,0x10,0x00,0x3e,0x00,0xa3,0x00,0x01,0x08,0x01,0x14,0x01,0x7f,0x01,0x77,
    0x01,0x63,0x01,0x77,0x01,0x7f,0x01,0x5d,0x01,0x0c,0x01,0x55,0x03,0x7f,0x01,0x5b,
    0x02,0x7f,0x01,0x6e,0x01,0x55,0x02,0x7f,0x02,0x6f,0x01,0x7f,0x01,0x77,0x01,0x36,
    0x01,0x01,0x01,0x03,0x01,0x07,0x01,0x7e,0x01,0x7c,0x01,0x7f,0x01,0x07,0x01,0x03,
    0x01,0x01,0xa3,0x00,0x10,0x00,0x6a,0x00,0x57,0x00,0x01,0x80,0x07,0xc0,0x01,0x80,
    0x02,0x00,0x01,0x40,0x08,0xc0,0x01,0x80,0x01,0x00,0x08,0xc0,0x01,0x80,0x01,0x00,
    0x02,0x40,0x03,0xc0,0x02,0x00,0x04,0xc0,0x01,0x40,0x1b,0x00,0x01,0x5d,0x02,0x7f,
    0x01,0xfb,0x01,0xc1,0x01,0xc0,0x01,0xd1,0x01,0xff,0x01,0x7f,0x01,0x3f,0x01,0x15,
    0x01,0x00,0x01,0x55,0x03,0xff,0x01,0x1c,0x01,0x3c,0x01,0x7f,0x01,0xff,0x01,0xf7,
    0x01,0xc3,0x01,0x00,0x04,0xff,0x01,0xcc,0x01,0xcd,0x02,0xff,0x01,0xfb,0x01,0x51,
    0x01,0x00,0x01,0x01,0x01,0x03,0x01,0x07,0x03,0xff,0x01,0x5f,0x01,0x07,0x01,0x01,
    0x9f,0x00,0x10,0x00,0xae,0x00,0x51,0x00,0x01,0x80,0x01,0xc0,0x01,0xe0,0x02,0xf0,
    0x03,0x70,0x02,0xf0,0x01,0xe0,0x01,0xc0,0x01,0x80,0x02,0x00,0x01,0x70,0x03,0xf0,
    0x03,0x70,0x04,0xf0,0x01,0xe0,0x01,0x00,0x01,0xa0,0x04,0xf0,0x03,0x70,0x04,0xf0,
    0x01,0x80,0x01,0x10,0x01,0x30,0x01,0x70,0x02,0xf0,0x01,0xe0,0x01,0x40,0x01,0x80,
    0x01,0xc0,0x01,0xe0,0x02,0xf0,0x01,0x70,0x01,0x30,0x01,0x10,0x0f,0x00,0x01,0x15,
    0x01,0x3f,0x01,0x7f,0x01,0xff,0x01,0xf7,0x01,0xe0,0x03,0xc0,0x01,0xf3,0x02,0xff,
    0x01,0x7f,0x01,0x3f,0x01,0x15,0x01,0x00,0x01,0x77,0x03,0xff,0x01,0x5f,0x01,0x1e,
    0x01,0x5f,0x01,0xff,0x01,0xf7,0x01,0xff,0x01,0xf7,0x01,0xc3,0x01,0x01,0x01,0xaa,
    0x04,0xff,0x01,0xdf,0x01,0xce,0x01,0xdf,0x03,0xff,0x01,0x75,0x01,0x78,0x02,0x00,
    0x01,0x01,0x01,0x03,0x01,0x07,0x04,0xff,0x01,0xef,0x01,0x07,0x01,0x01,0x16,0x00,
    0x07,0x01,0x05,0x00,0x05,0x01,0x03,0x00,0x05,0x01,0x01,0x00,0x0b,0x01,0x06,0x00,
    0x04,0x01,0x55,0x00,0x10,0x00,0xe2,0x00,0x4c,0x00,0x01,0x40,0x01,0xe0,0x01,0xf0,
    0x01,0xf8,0x01,0x70,0x01,0xf8,0x01,0x78,0x01,0x38,0x03,0x78,0x01,0xf8,0x01,0xf0,
    0x01,0xe0,0x01,0xc0,0x01,0x80,0x02,0x00,0x01,0xd8,0x04,0xf8,0x03,0x38,0x01,0x78,
    0x01,0xf8,0x01,0xf0,0x01,0xf8,0x01,0xf0,0x01,0xe0,0x01,0x00,0x01,0x20,0x05,0xf8,
    0x03,0x38,0x01,0x78,0x01,0xf8,0x01,0xf0,0x01,0xf8,0x01,0xf0,0x01,0xa0,0x01,0x00,
    0x01,0x08,0x01,0x58,0x01,0xf8,0x01,0x78,0x01,0xf8,0x01,0xf0,0x01,0xe0,0x01,0x40,
    0x01,0x80,0x01,0xd0,0x03,0xf8,0x01,0x78,0x01,0x38,0x01,0x10,0x06,0x00,0x01,0x08,
    0x01,0x77,0x03,0xff,0x01,0xf7,0x01,0xe0,0x01,0xc0,0x01,0x80,0x02,0xc0,0x01,0xd5,
    0x03,0xff,0x01,0x7f,0x01,0x2e,0x02,0x00,0x01,0xdd,0x03,0xff,0x01,0xdf,0x01,0x0e,
    0x01,0x1e,0x01,0x3e,0x02,0xff,0x02,0xf7,0x01,0xd7,0x01,0x83,0x01,0x00,0x01,0x22,
    0x04,0xff,0x01,0xdf,0x03,0x8e,0x01,0xdf,0x03,0xff,0x01,0xfd,0x01,0xf8,0x01,0x50,
    0x03,0x00,0x01,0x01,0x01,0x03,0x01,0x57,0x04,0xff,0x01,0xef,0x01,0x07,0x01,0x03,
    0x0c,0x00,0x03,0x01,0x05,0x03,0x01,0x01,0x01,0x03,0x01,0x01,0x05,0x00,0x01,0x01,
    0x03,0x03,0x01,0x01,0x03,0x00,0x01,0x01,0x06,0x03,0x01,0x02,0x0c,0x03,0x01,0x01,
    0x07,0x00,0x01,0x01,0x04,0x03,0x01,0x02,0x50,0x00,0x10,0x00,0xd8,0x00,0x48,0x00,
    0x01,0x50,0x01,0xf0,0x03,0xfc,0x01,0xfe,0x01,0x5e,0x02,0x1e,0x01,0x3e,0x01,0x1e,
    0x01,0xfe,0x03,0xfc,0x01,0xf8,0x01,0x50,0x03,0x00,0x01,0x76,0x04,0xfe,0x01,0xbe,
    0x03,0x1e,0x01,0xbe,0x02,0xfe,0x02,0xfc,0x01,0xf4,0x01,0xa0,0x02,0x00,0x01,0x54,
    0x05,0xfe,0x02,0x9e,0x01,0xde,0x03,0xfe,0x02,0xfc,0x01,0x74,0x01,0x20,0x01,0x00,
    0x01,0x02,0x01,0x16,0x01,0x3e,0x01,0x7e,0x02,0xfe,0x01,0xf8,0x01,0xf0,0x01,0xe0,
    0x01,0xd0,0x01,0xf8,0x01,0xfc,0x01,0xfe,0x01,0x7e,0x01,0x3e,0x01,0x1e,0x01,0x0e,
    0x01,0x17,0x01,0x7f,0x03,0xff,0x01,0xfb,0x01,0xd0,0x02,0xc0,0x01,0xe0,0x01,0xc0,
    0x01,0xf8,0x04,0xff,0x01,0x57,0x01,0x02,0x02,0x00,0x01,0x77,0x04,0xff,0x01,0xbf,
    0x02,0x1f,0x01,0x7f,0x03,0xff,0x01,0xf7,0x01,0xe3,0x01,0xc1,0x01,0x80,0x02,0x00,
    0x01,0x55,0x05,0xff,0x03,0xc7,0x01,0xef,0x01,0xf7,0x02,0xff,0x01,0xfe,0x01,0x7c,
    0x01,0x78,0x06,0x00,0x01,0x07,0x05,0xff,0x01,0x57,0x01,0x03,0x01,0x01,0x05,0x00,
    0x03,0x01,0x07,0x03,0x03,0x01,0x05,0x00,0x06,0x03,0x03,0x00,0x02,0x01,0x05,0x03,
    0x01,0x01,0x01,0x00,0x01,0x01,0x0b,0x03,0x01,0x01,0x01,0x03,0x01,0x01,0x08,0x00,
    0x05,0x03,0x01,0x01,0x4d,0x00,0x10,0x00,0xdc,0x00,0x48,0x00,0x01,0xfc,0x01,0xfe,
    0x01,0x7f,0x01,0x3f,0x01,0x1f,0x03,0x0f,0x01,0x1f,0x01,0x3f,0x01,0xff,0x01,0xfe,
    0x02,0xfc,0x01,0xf0,0x01,0xe0,0x02,0x00,0x01,0x55,0x06,0xff,0x03,0x8f,0x01,0xdf,
    0x04,0xff,0x01,0xfe,0x01,0xfc,0x01,0xf8,0x02,0x00,0x01,0x55,0x05,0xff,0x01,0x5f,
    0x03,0x0f,0x01,0x1f,0x04,0xff,0x01,0xfe,0x01,0x7c,0x01,0x20,0x01,0x01,0x01,0x03,
    0x01,0x07,0x01,0x1f,0x01,0x7f,0x02,0xff,0x01,0xfe,0x01,0xf4,0x01,0xf0,0x01,0xc0,
    0x01,0xe0,0x01,0xf4,0x01,0xfe,0x04,0xff,0x01,0xf5,0x01,0xe0,0x01,0xc0,0x03,0x80,
    0x01,0xc0,0x01,0xe0,0x01,0xfd,0x03,0xff,0x01,0x7f,0x01,0x3f,0x01,0x15,0x01,0x00,
    0x01,0x55,0x05,0xff,0x01,0x77,0x01,0x07,0x01,0x17,0x01,0x3f,0x01,0x7f,0x03,0xff,
    0x01,0xf7,0x01,0xf3,0x01,0xd1,0x01,0x80,0x02,0x00,0x01,0x55,0x05,0xff,0x01,0xdf,
    0x03,0x8f,0x02,0x9f,0x01,0xdf,0x02,0xff,0x02,0xfd,0x01,0xf8,0x01,0x50,0x05,0x00,
    0x01,0x01,0x01,0xaf,0x06,0xff,0x01,0x05,0x01,0x00,0x01,0x01,0x01,0x03,0x09,0x07,
    0x01,0x03,0x02,0x01,0x04,0x00,0x01,0x05,0x06,0x07,0x03,0x00,0x01,0x01,0x01,0x03,
    0x06,0x07,0x01,0x05,0x01,0x00,0x01,0x05,0x0e,0x07,0x01,0x03,0x01,0x01,0x08,0x00,
    0x01,0x02,0x06,0x07,0x4a,0x00,0x10,0x00,0xd8,0x00,0x01,0x00,0x07,0x80,0x09,0x00,
    0x0f,0x80,0x07,0x00,0x0d,0x80,0x07,0x00,0x05,0x80,0x08,0x00,0x01,0x5f,0x01,0x0f,
    0x03,0x07,0x01,0x0f,0x01,0x1f,0x01,0xbf,0x01,0x7f,0x02,0xff,0x01,0xfe,0x01,0xf4,
    0x01,0xf0,0x01,0x40,0x02,0x00,0x07,0xff,0x02,0x87,0x01,0xc7,0x01,0x87,0x01,0xd7,
    0x05,0xff,0x01,0x7c,0x03,0x00,0x01,0x55,0x05,0xff,0x01,0xf7,0x03,0x87,0x01,0xc7,
    0x01,0xef,0x04,0xff,0x01,0x7f,0x01,0x3e,0x01,0x10,0x01,0x00,0x01,0x01,0x01,0x03,
    0x01,0x07,0x01,0x1f,0x01,0x5f,0x03,0xff,0x01,0xfc,0x01,0xf8,0x02,0xf0,0x01,0xfc,
    0x01,0xfe,0x01,0xf5,0x01,0xe0,0x01,0xc0,0x03,0x80,0x01,0xc0,0x01,0xe8,0x01,0xf7,
    0x03,0xff,0x01,0x7f,0x01,0x3f,0x01,0x05,0x02,0x00,0x07,0xff,0x01,0x07,0x01,0x0f,
    0x01,0x1f,0x01,0xff,0x01,0x7f,0x02,0xff,0x01,0xfb,0x01,0xf1,0x01,0xe1,0x01,0xc0,
    0x03,0x00,0x01,0x55,0x05,0xff,0x01,0xf7,0x04,0x87,0x01,0x8f,0x01,0xdf,0x03,0xff,
    0x02,0xfc,0x01,0x74,0x07,0x00,0x01,0x01,0x07,0xff,0x09,0x07,0x01,0x03,0x03,0x01,
    0x04,0x00,0x07,0x07,0x04,0x00,0x01,0x01,0x01,0x03,0x05,0x07,0x01,0x06,0x01,0x04,
    0x01,0x00,0x01,0x05,0x0e,0x07,0x01,0x03,0x01,0x05,0x02,0x01,0x08,0x00,0x07,0x07,
    0x48,0x00,0x10,0x00,0xe6,0x00,0x01,0x00,0x05,0x80,0x01,0x00,0x01,0x80,0x09,0x00,
    0x0f,0x80,0x07,0x00,0x0d,0x80,0x01,0x00,0x01,0x80,0x05,0x00,0x07,0x80,0x06,0x00,
    0x01,0x1f,0x03,0x0f,0x02,0x1f,0x01,0x5f,0x03,0xff,0x02,0xfc,0x01,0xf0,0x01,0xa0,
    0x02,0x00,0x01,0x55,0x06,0xff,0x01,0xaf,0x02,0x8f,0x01,0xcf,0x01,0x8f,0x01,0xdf,
    0x05,0xff,0x01,0xfd,0x01,0xb8,0x02,0x00,0x01,0x55,0x06,0xff,0x01,0xbf,0x04,0x8f,
    0x01,0xdf,0x05,0xff,0x01,0x75,0x01,0x28,0x02,0x00,0x01,0x01,0x01,0x07,0x01,0x1f,
    0x01,0x3f,0x01,0x7f,0x02,0xff,0x01,0xfe,0x01,0xf4,0x01,0xf0,0x01,0xd0,0x01,0xf8,
    0x01,0xc0,0x03,0x80,0x02,0xc0,0x01,0xd5,0x05,0xff,0x01,0x7f,0x01,0x3f,0x02,0x00,
    0x01,0x55,0x06,0xff,0x01,0xaf,0x01,0x1f,0x01,0x3f,0x01,0x5f,0x05,0xff,0x01,0xf7,
    0x01,0xe3,0x01,0xc1,0x03,0x00,0x01,0x55,0x06,0xff,0x01,0xbf,0x04,0x8f,0x01,0xdf,
    0x04,0xff,0x01,0xfe,0x01,0xfc,0x01,0xf8,0x01,0x50,0x05,0x00,0x01,0x01,0x01,0x03,
    0x01,0x57,0x05,0xff,0x01,0x07,0x05,0x0f,0x01,0x07,0x01,0x0f,0x01,0x07,0x01,0x03,
    0x01,0x05,0x02,0x01,0x03,0x00,0x01,0x05,0x06,0x0f,0x01,0x0a,0x04,0x00,0x01,0x07,
    0x06,0x0f,0x01,0x0e,0x01,0x04,0x01,0x00,0x01,0x05,0x0d,0x0f,0x01,0x07,0x01,0x0f,
    0x03,0x07,0x01,0x03,0x08,0x00,0x01,0x05,0x05,0x0f,0x48,0x00,0x10,0x00,0xea,0x00,
    0x07,0xc0,0x01,0x80,0x08,0x00,0x01,0x40,0x10,0xc0,0x01,0x80,0x04,0x00,0x01,0x40,
    0x10,0xc0,0x01,0x80,0x04,0x00,0x01,0x40,0x07,0xc0,0x04,0x00,0x03,0x07,0x01,0x0f,
    0x01,0x17,0x01,0x3f,0x01,0x7f,0x03,0xff,0x01,0xfd,0x01,0xfc,0x01,0x70,0x03,0x00,
    0x01,0x77,0x05,0xff,0x01,0xdf,0x04,0xc7,0x01,0xef,0x01,0xf7,0x05,0xff,0x01,0x7f,
    0x01,0x3e,0x02,0x00,0x01,0x55,0x07,0xff,0x01,0xd7,0x04,0xc7,0x05,0xff,0x01,0x7f,
    0x01,0x3e,0x01,0x14,0x01,0x00,0x01,0x01,0x01,0x03,0x01,0x05,0x01,0x0f,0x01,0x1f,
    0x01,0x7f,0x03,0xff,0x01,0xfe,0x01,0xf4,0x01,0xe0,0x01,0xc0,0x01,0x80,0x01,0xc0,
    0x01,0x80,0x01,0xc0,0x01,0xe0,0x01,0xfd,0x05,0xff,0x01,0x57,0x01,0x02,0x02,0x00,
    0x01,0x77,0x05,0xff,0x01,0xdf,0x02,0x07,0x01,0x0f,0x01,0x5f,0x05,0xff,0x02,0xf1,
    0x01,0xc1,0x01,0x80,0x02,0x00,0x01,0x55,0x07,0xff,0x01,0xd7,0x03,0x87,0x01,0xc7,
    0x01,0xcf,0x05,0xff,0x01,0xfe,0x01,0x54,0x07,0x00,0x01,0x01,0x01,0x03,0x01,0x77,
    0x03,0xff,0x04,0x0f,0x01,0x07,0x01,0x0f,0x03,0x07,0x01,0x03,0x01,0x01,0x05,0x00,
    0x01,0x07,0x05,0x0f,0x01,0x0d,0x05,0x00,0x01,0x05,0x07,0x0f,0x01,0x04,0x01,0x00,
    0x01,0x05,0x0d,0x0f,0x01,0x07,0x01,0x0f,0x01,0x07,0x01,0x0f,0x01,0x07,0x01,0x03,
    0x01,0x01,0x09,0x00,0x01,0x07,0x03,0x0f,0x48,0x00,0x10,0x00,0xec,0x00,0x05,0xc0,
    0x01,0x80,0x01,0xc0,0x01,0x80,0x07,0x00,0x01,0x80,0x11,0xc0,0x01,0x80,0x04,0x00,
    0x01,0x40,0x10,0xc0,0x01,0x80,0x04,0x00,0x01,0x40,0x07,0xc0,0x04,0x00,0x03,0x07,
    0x01,0x0f,0x01,0x1f,0x01,0xbf,0x03,0xff,0x01,0xfe,0x01,0xfc,0x01,0xf8,0x01,0x50,
    0x02,0x00,0x01,0xaa,0x06,0xff,0x01,0xd7,0x04,0xc7,0x01,0xef,0x01,0xf7,0x05,0xff,
    0x01,0x7d,0x01,0x08,0x02,0x00,0x01,0x55,0x07,0xff,0x01,0xd7,0x04,0xc7,0x05,0xff,
    0x01,0x7f,0x01,0x3e,0x01,0x14,0x02,0x00,0x01,0x01,0x01,0x05,0x01,0x0f,0x01,0x1f,
    0x01,0x3f,0x03,0xff,0x01,0xfe,0x01,0xf4,0x01,0xe0,0x02,0x80,0x02,0xc0,0x01,0xd0,
    0x01,0xfa,0x05,0xff,0x01,0x7f,0x01,0x15,0x02,0x00,0x01,0xaa,0x06,0xff,0x01,0x57,
    0x01,0x07,0x01,0x17,0x01,0x3f,0x01,0x7f,0x04,0xff,0x01,0xfb,0x01,0xf1,0x01,0xe1,
    0x01,0x40,0x03,0x00,0x01,0x55,0x07,0xff,0x01,0xd7,0x03,0x87,0x01,0xc7,0x01,0xcf,
    0x05,0xff,0x01,0xfe,0x01,0x54,0x07,0x00,0x01,0x01,0x01,0x03,0x01,0x77,0x03,0xff,
    0x04,0x0f,0x01,0x07,0x01,0x0f,0x03,0x07,0x01,0x03,0x01,0x01,0x04,0x00,0x01,0x0a,
    0x06,0x0f,0x01,0x05,0x05,0x00,0x01,0x07,0x06,0x0f,0x01,0x0e,0x01,0x04,0x01,0x00,
    0x01,0x05,0x0d,0x0f,0x01,0x07,0x01,0x0f,0x01,0x07,0x01,0x0f,0x01,0x07,0x01,0x03,
    0x01,0x01,0x09,0x00,0x01,0x07,0x03,0x0f,0x48,0x00,0x10,0x00,0xec,0x00,0x05,0xc0,
    0x01,0x80,0x01,0xc0,0x01,0x80,0x07,0x00,0x01,0x80,0x11,0xc0,0x01,0x80,0x04,0x00,
    0x01,0x40,0x10,0xc0,0x01,0x80,0x04,0x00,0x01,0x40,0x07,0xc0,0x01,0x40,0x03,0x00,
    0x03,0x07,0x01,0x0f,0x01,0x1f,0x04,0xff,0x01,0xfe,0x01,0xfc,0x01,0xf8,0x01,0x40,
    0x02,0x00,0x01,0xaa,0x06,0xff,0x01,0xd7,0x04,0xc7,0x01,0xef,0x01,0xf7,0x05,0xff,
    0x01,0x7d,0x01,0x08,0x02,0x00,0x01,0x55,0x07,0xff,0x01,0xd7,0x04,0xc7,0x05,0xff,
    0x01,0x7f,0x01,0x3e,0x01,0x14,0x03,0x00,0x01,0x05,0x01,0x0f,0x01,0x17,0x01,0x3f,
    0x01,0x7f,0x02,0xff,0x01,0xfe,0x01,0xfc,0x01,0xf0,0x02,0x80,0x02,0xc0,0x01,0xd0,
    0x05,0xff,0x01,0x7f,0x01,0x3f,0x01,0x15,0x02,0x00,0x01,0xaa,0x06,0xff,0x01,0x57,
    0x01,0x07,0x01,0x17,0x01,0x3f,0x01,0x7f,0x04,0xff,0x01,0xfb,0x01,0xf1,0x01,0xe1,
    0x01,0x40,0x03,0x00,0x01,0x55,0x07,0xff,0x01,0xd7,0x03,0x87,0x01,0xc7,0x01,0xcf,
    0x05,0xff,0x01,0xfe,0x01,0x54,0x07,0x00,0x01,0x01,0x01,0x03,0x01,0x57,0x03,0xff,
    0x04,0x0f,0x01,0x07,0x01,0x0f,0x02,0x07,0x02,0x03,0x01,0x01,0x04,0x00,0x01,0x0a,
    0x06,0x0f,0x01,0x05,0x05,0x00,0x01,0x07,0x06,0x0f,0x01,0x0e,0x01,0x04,0x01,0x00,
    0x01,0x05,0x0d,0x0f,0x01,0x07,0x01,0x0f,0x01,0x07,0x01,0x0f,0x01,0x07,0x01,0x03,
    0x01,0x01,0x09,0x00,0x01,0x05,0x03,0x0f,0x48,0x00,0x00,0x00,0x00,0x00,0x00,0x00,
    0x00,0x00,0x00,0x00,0x00,0x00,0x00,0x00,0x10,0x00,0xe0,0x00,0x05,0xc0,0x03,0x80,
    0x07,0x00,0x11,0xc0,0x01,0x40,0x01,0x80,0x04,0x00,0x01,0x40,0x10,0xc0,0x01,0x80,
    0x04,0x00,0x01,0x40,0x07,0xc0,0x01,0x40,0x03,0x00,0x03,0x07,0x01,0x0f,0x01,0x7f,
    0x04,0xff,0x01,0xfe,0x01,0xf4,0x01,0xe0,0x03,0x00,0x01,0xee,0x06,0xff,0x01,0xd7,
    0x04,0xc7,0x01,0xef,0x01,0xf7,0x05,0xff,0x01,0x5d,0x01,0x08,0x02,0x00,0x01,0x55,
    0x07,0xff,0x01,0xd7,0x04,0xc7,0x05,0xff,0x01,0x7f,0x01,0x3e,0x01,0x14,0x03,0x00,
    0x01,0x01,0x01,0x07,0x01,0x17,0x01,0x3f,0x01,0x7f,0x03,0xff,0x01,0xfc,0x01,0xf8,
    0x02,0x80,0x01,0xc0,0x01,0xe0,0x01,0xf5,0x05,0xff,0x01,0x5f,0x01,0x0f,0x03,0x00,
    0x01,0xee,0x06,0xff,0x01,0x57,0x01,0x07,0x01,0x17,0x01,0x3f,0x01,0x7f,0x04,0xff,
    0x01,0xfb,0x01,0xf1,0x01,0xe0,0x01,0x40,0x03,0x00,0x01,0x55,0x07,0xff,0x01,0xd7,
    0x03,0x87,0x01,0xc7,0x01,0xcf,0x05,0xff,0x01,0xfe,0x01,0x54,0x08,0x00,0x01,0x01,
    0x01,0x57,0x03,0xff,0x04,0x0f,0x03,0x07,0x01,0x03,0x01,0x01,0x06,0x00,0x01,0x0e,
    0x06,0x0f,0x01,0x05,0x04,0x00,0x01,0x01,0x01,0x07,0x06,0x0f,0x01,0x0e,0x01,0x04,
    0x01,0x00,0x01,0x05,0x0d,0x0f,0x01,0x07,0x01,0x0f,0x01,0x07,0x01,0x0f,0x01,0x07,
    0x01,0x03,0x01,0x01,0x09,0x00,0x01,0x05,0x03,0x0f,0x48,0x00,0x10,0x00,0xe0,0x00,
    0x05,0xc0,0x01,0x80,0x08,0x00,0x01,0x40,0x11,0xc0,0x01,0x40,0x01,0x80,0x05,0x00,
    0x12,0xc0,0x01,0x80,0x04,0x00,0x01,0x40,0x07,0xc0,0x01,0x40,0x01,0x00,0x01,0x07,
    0x01,0x0f,0x01,0x1f,0x01,0xbf,0x01,0x7f,0x03,0xff,0x01,0xfd,0x01,0xf8,0x01,0xd0,
    0x01,0x80,0x02,0x00,0x01,0x55,0x07,0xff,0x01,0xd7,0x03,0x87,0x01,0xc7,0x01,0xcf,
    0x06,0xff,0x01,0xfd,0x01,0x38,0x03,0x00,0x07,0xff,0x01,0xd7,0x04,0xc7,0x01,0xef,
    0x01,0xf7,0x03,0xff,0x03,0x7f,0x01,0x0e,0x02,0x00,0x01,0x01,0x01,0x03,0x01,0x07,
    0x01,0x0f,0x01,0x5f,0x01,0xff,0x01,0x7f,0x02,0xff,0x01,0xfe,0x01,0x00,0x01,0x80,
    0x01,0xc0,0x01,0xe8,0x01,0xf7,0x05,0xff,0x01,0x5f,0x01,0x08,0x02,0x00,0x01,0x55,
    0x07,0xff,0x01,0x5f,0x01,0x0f,0x01,0x1f,0x01,0x3f,0x06,0xff,0x01,0xf7,0x01,0xe3,
    0x01,0x41,0x04,0x00,0x07,0xff,0x01,0x57,0x04,0x07,0x01,0x87,0x01,0x17,0x05,0xff,
    0x02,0xfc,0x01,0x50,0x07,0x00,0x01,0x01,0x01,0x03,0x01,0x57,0x01,0xff,0x05,0x1f,
    0x01,0x0f,0x02,0x07,0x02,0x01,0x04,0x00,0x01,0x15,0x07,0x1f,0x01,0x15,0x03,0x00,
    0x01,0x01,0x01,0x03,0x01,0x17,0x06,0x1f,0x01,0x1e,0x01,0x14,0x02,0x00,0x12,0x1f,
    0x01,0x0f,0x01,0x07,0x01,0x03,0x01,0x01,0x09,0x00,0x01,0x15,0x01,0x1f,0x48,0x00,
    0x10,0x00,0xc0,0x00,0x01,0xf0,0x03,0xe0,0x01,0xc0,0x01,0x80,0x06,0x00,0x01,0x50,
    0x12,0xf0,0x01,0xe0,0x02,0xc0,0x01,0x40,0x04,0x00,0x13,0xf0,0x02,0xc0,0x01,0x40,
    0x03,0x00,0x01,0x50,0x07,0xf0,0x01,0x17,0x06,0xff,0x01,0xfe,0x01,0x74,0x03,0x00,
    0x01,0x55,0x07,0xff,0x01,0xf7,0x03,0xe3,0x01,0xf3,0x01,0xe3,0x01,0xf7,0x07,0xff,
    0x01,0x5f,0x01,0x08,0x03,0x00,0x08,0xff,0x01,0xfb,0x04,0xf3,0x01,0xf7,0x05,0xff,
    0x01,0xdf,0x01,0x9f,0x01,0x17,0x05,0x00,0x01,0x01,0x01,0x03,0x01,0x17,0x01,0x3f,
    0x01,0x7f,0x01,0xff,0x01,0xf0,0x07,0xff,0x01,0x57,0x01,0x02,0x02,0x00,0x01,0x55,
    0x07,0xff,0x01,0x77,0x02,0x07,0x01,0x0f,0x01,0x5f,0x05,0xff,0x01,0xfd,0x01,0xf9,
    0x01,0xf1,0x01,0xe0,0x01,0x40,0x04,0x00,0x08,0xff,0x01,0x8b,0x04,0x83,0x02,0xc7,
    0x01,0xd7,0x06,0xff,0x01,0xfe,0x01,0x50,0x09,0x00,0x03,0x1f,0x01,0x0f,0x01,0x07,
    0x01,0x03,0x01,0x01,0x05,0x00,0x01,0x15,0x07,0x1f,0x01,0x17,0x05,0x00,0x01,0x05,
    0x01,0x0f,0x07,0x1f,0x01,0x1e,0x01,0x10,0x02,0x00,0x12,0x1f,0x03,0x0f,0x01,0x07,
    0x01,0x01,0x52,0x00,0x10,0x00,0xe4,0x00,0x01,0xf0,0x01,0xe0,0x01,0xc0,0x01,0x80,
    0x06,0x00,0x01,0x50,0x11,0xf8,0x01,0xf0,0x01,0xf8,0x03,0xf0,0x01,0xe0,0x01,0x40,
    0x04,0x00,0x01,0xe8,0x12,0xf8,0x01,0xf0,0x01,0xf8,0x01,0xf0,0x01,0xe0,0x01,0x40,
    0x03,0x00,0x01,0x18,0x01,0x38,0x01,0x78,0x03,0xf8,0x05,0xff,0x01,0xfa,0x01,0x50,
    0x03,0x00,0x01,0x55,0x08,0xff,0x01,0xef,0x04,0xe1,0x01,0xf1,0x01,0xf3,0x01,0xf7,
    0x05,0xff,0x01,0x7f,0x01,0xff,0x01,0x5f,0x01,0x08,0x03,0x00,0x01,0xee,0x08,0xff,
    0x01,0xf5,0x03,0xe1,0x01,0xf1,0x01,0xe3,0x01,0xf5,0x05,0xff,0x01,0x7f,0x01,0x3f,
    0x01,0x1f,0x05,0x00,0x01,0x01,0x01,0x03,0x01,0x05,0x01,0x0f,0x04,0xff,0x01,0x7f,
    0x01,0x3f,0x01,0x15,0x03,0x00,0x01,0x55,0x08,0xff,0x01,0xef,0x01,0x07,0x01,0x0f,
    0x01,0x1f,0x01,0x3f,0x01,0x7f,0x05,0xff,0x01,0xfd,0x01,0xf9,0x01,0xf1,0x01,0x80,
    0x05,0x00,0x01,0xee,0x08,0xff,0x01,0x57,0x06,0x07,0x01,0x8f,0x06,0xff,0x02,0xfc,
    0x01,0x50,0x07,0x00,0x01,0x1f,0x01,0x0f,0x01,0x07,0x01,0x03,0x01,0x01,0x05,0x00,
    0x01,0x15,0x08,0x3f,0x01,0x2e,0x04,0x00,0x01,0x01,0x01,0x03,0x01,0x17,0x08,0x3f,
    0x01,0x3c,0x01,0x30,0x01,0x20,0x01,0x00,0x01,0x2e,0x12,0x3f,0x01,0x1f,0x01,0x3f,
    0x01,0x1f,0x01,0x0f,0x01,0x07,0x01,0x03,0x01,0x01,0x4f,0x00,0x10,0x00,0xc6,0x00,
    0x01,0xc0,0x01,0x80,0x06,0x00,0x01,0x54,0x14,0xfc,0x01,0xf8,0x01,0xfc,0x01,0xf8,
    0x01,0xf0,0x01,0xe0,0x01,0x40,0x05,0x00,0x01,0x74,0x14,0xfc,0x01,0xf8,0x01,0xfc,
    0x01,0xf8,0x01,0xf0,0x01,0xe0,0x03,0x00,0x01,0x04,0x01,0x1c,0x01,0x3c,0x02,0xff,
    0x01,0xfd,0x01,0xa0,0x04,0x00,0x01,0x55,0x09,0xff,0x04,0xe1,0x01,0xf1,0x01,0xe1,
    0x01,0xf1,0x01,0xfb,0x08,0xff,0x01,0x5f,0x05,0x00,0x01,0x77,0x09,0xff,0x06,0xf1,
    0x01,0xf5,0x06,0xff,0x01,0xbf,0x01,0x1f,0x01,0x0f,0x01,0x05,0x05,0x00,0x02,0xff,
    0x01,0x5f,0x01,0x0a,0x04,0x00,0x01,0x55,0x09,0xff,0x02,0x0f,0x01,0x1f,0x01,0x3f,
    0x01,0x7f,0x06,0xff,0x01,0xfb,0x01,0xf3,0x01,0xe3,0x01,0xc1,0x01,0x80,0x06,0x00,
    0x01,0x77,0x09,0xff,0x07,0x07,0x01,0x8f,0x01,0xdf,0x06,0xff,0x01,0xfe,0x01,0xfc,
    0x01,0xe8,0x04,0x00,0x01,0x07,0x01,0x03,0x01,0x01,0x05,0x00,0x01,0x55,0x09,0x7f,
    0x04,0x00,0x01,0x01,0x01,0x03,0x01,0x07,0x01,0x3f,0x08,0x7f,0x01,0x7d,0x01,0x78,
    0x01,0x50,0x03,0x00,0x01,0x77,0x14,0x7f,0x01,0x3f,0x01,0x7f,0x01,0x3f,0x01,0x1f,
    0x01,0x0f,0x01,0x05,0x4d,0x00,0x10,0x00,0xba,0x00,0x04,0x00,0x01,0x55,0x0b,0xff,
    0x07,0x7f,0x08,0xff,0x01,0xfe,0x01,0xfc,0x01,0xf8,0x01,0x50,0x05,0x00,0x01,0x55,
    0x0a,0xff,0x08,0x7f,0x08,0xff,0x01,0xfe,0x01,0xf4,0x01,0xf0,0x06,0x00,0x01,0x55,
    0x0a,0xff,0x01,0xfa,0x06,0xf8,0x02,0xfc,0x01,0xfd,0x07,0xff,0x01,0x7f,0x01,0x3f,
    0x01,0x15,0x05,0x00,0x01,0x55,0x09,0xff,0x01,0xfd,0x07,0xf8,0x01,0xfc,0x01,0xfe,
    0x05,0xff,0x01,0xbf,0x01,0xdf,0x01,0x9f,0x01,0x17,0x01,0x03,0x06,0x00,0x01,0x55,
    0x0a,0xff,0x01,0xaf,0x01,0x07,0x01,0x0f,0x02,0x1f,0x01,0x7f,0x07,0xff,0x01,0xfd,
    0x01,0xf9,0x01,0xf1,0x01,0xe0,0x01,0x40,0x07,0x00,0x01,0x55,0x09,0xff,0x01,0xdf,
    0x08,0x07,0x01,0x8f,0x01,0xd7,0x08,0xff,0x01,0xfe,0x01,0xfc,0x01,0xa0,0x04,0x00,
    0x01,0x55,0x0a,0xff,0x01,0xaa,0x05,0x00,0x01,0x01,0x01,0x05,0x01,0x0f,0x01,0x5f,
    0x09,0xff,0x01,0xfc,0x01,0xf8,0x01,0xd0,0x01,0x80,0x02,0x00,0x01,0x55,0x13,0xff,
    0x01,0x7f,0x01,0xff,0x01,0x7f,0x01,0xff,0x03,0x7f,0x01,0x3f,0x01,0x1f,0x01,0x0f,
    0x01,0x05,0x49,0x00,0x38,0x00,0x1c,0x00,0x46,0x00,0x01,0xd0,0x01,0xf8,0x44,0x00,
    0x01,0x54,0x03,0xff,0x44,0x00,0x01,0x15,0x01,0x3f,0x02,0xff,0x46,0x00,0x01,0x05,
    0x01,0x0f,0x48,0x00,0xaa,0x00,0x01,0x00,0x0b,0xff,0x01,0x7f,0x07,0x3f,0x01,0x7f,
    0x01,0x3f,0x01,0x7f,0x0a,0xff,0x01,0xfe,0x01,0xd4,0x06,0x00,0x0b,0xff,0x01,0x7f,
    0x07,0x3f,0x01,0x7f,0x01,0x3f,0x01,0x7f,0x09,0xff,0x01,0x00,0x0c,0xff,0x05,0xf8,
    0x01,0xfc,0x01,0xf8,0x03,0xfc,0x09,0xff,0x01,0x7f,0x01,0x3f,0x01,0x15,0x06,0x00,
    0x0c,0xff,0x07,0xfe,0x09,0xff,0x01,0xef,0x02,0xc7,0x01,0x00,0x0b,0xff,0x01,0x7f,
    0x03,0x0f,0x01,0x1f,0x01,0x3f,0x01,0x7f,0x08,0xff,0x01,0xfb,0x01,0xf1,0x01,0xf3,
    0x01,0xd1,0x01,0xc0,0x09,0x00,0x0b,0xff,0x01,0x77,0x07,0x03,0x01,0x07,0x01,0x03,
    0x01,0x07,0x01,0x8f,0x08,0xff,0x01,0x00,0x0b,0xff,0x01,0x77,0x06,0x00,0x01,0x03,
    0x01,0x07,0x01,0x1f,0x01,0x5f,0x0a,0xff,0x01,0xfe,0x01,0xf4,0x01,0xe0,0x01,0x40,
    0x04,0x00,0x0c,0xff,0x07,0xfe,0x0c,0xff,0x01,0x00,0x0c,0x03,0x0b,0x00,0x01,0x01,
    0x0c,0x03,0x01,0x02,0x03,0x00,0x19,0x03,0x01,0x01,0x01,0x03,0x03,0x01,0x01,0x00,
    0x0e,0x00,0x01,0x1f,0x01,0x0f,0x01,0x07,0x01,0x03,0x01,0x01,0xff,0x00,0x64,0x00,
    0x38,0x00,0x30,0x00,0x3b,0x00,0x01,0xe0,0x01,0xf0,0x01,0xfe,0x0a,0xff,0x3a,0x00,
    0x01,0x55,0x0c,0xff,0x01,0xef,0x3a,0x00,0x01,0x15,0x0c,0xff,0x01,0xfe,0x3c,0x00,
    0x01,0x07,0x01,0x0f,0x01,0x1f,0x02,0x7f,0x07,0xff,0x40,0x00,0x03,0x01,0x01,0x03,
    0x03,0x07,0x01,0x0f,0xa2,0x00,0x0a,0xff,0x08,0x0f,0x03,0x1f,0x0c,0xff,0x01,0xfe,
    0x01,0x54,0x06,0x00,0x01,0xaa,0x0c,0xff,0x01,0x5f,0x07,0x0f,0x01,0x1f,0x01,0x8f,
    0x01,0x1f,0x01,0xbf,0x10,0xff,0x07,0xfc,0x01,0xfe,0x01,0xfc,0x01,0xfe,0x0a,0xff,
    0x01,0x7f,0x01,0x3f,0x01,0x17,0x01,0x0f,0x01,0x01,0x06,0x00,0x01,0xaa,0x28,0xff,
    0x02,0x0f,0x02,0x1f,0x01,0x5f,0x01,0xff,0x01,0x7f,0x08,0xff,0x01,0xfb,0x01,0xfd,
    0x01,0xf9,0x01,0xf1,0x01,0xe0,0x01,0xc0,0x0a,0x00,0x01,0xaa,0x0c,0xff,0x01,0x57,
    0x09,0x03,0x02,0x07,0x01,0x17,0x0f,0xff,0x06,0x00,0x01,0x01,0x01,0x03,0x01,0x1f,
    0x01,0x3f,0x01,0x7f,0x0b,0xff,0x01,0xf4,0x01,0xf0,0x01,0xc0,0x01,0x80,0x05,0x00,
    0x01,0xaa,0x0c,0xff,0x01,0xfd,0x0a,0xfc,0x01,0xfe,0x06,0xff,0x0a,0x0f,0x0a,0x00,
    0x01,0x01,0x01,0x03,0x01,0x07,0x0d,0x0f,0x01,0x0d,0x01,0x08,0x03,0x00,0x01,0x0a,
    0x1a,0x0f,0x01,0x07,0x01,0x0f,0x02,0x07,0x2a,0x00,0x08,0xff,0x01,0x7f,0x01,0x1f,
    0x01,0x07,0x01,0x03,0x01,0x01,0x3b,0x00,0x02,0xff,0x01,0x7f,0x01,0x3f,0x01,0x17,
    0x01,0x03,0x01,0x01,0x41,0x00,0x01,0x57,0x01,0x01,0x46,0x00,0x01,0x55,0x47,0x00,
    0x01,0x05,0x47,0x00,0x38,0x00,0x52,0x00,0x2f,0x00,0x01,0x80,0x01,0xf0,0x01,0xfe,
    0x0c,0xff,0x01,0x7f,0x01,0x3f,0x01,0x17,0x02,0x07,0x01,0x03,0x01,0x01,0x01,0x03,
    0x02,0x01,0x2e,0x00,0x01,0x54,0x0f,0xff,0x01,0x05,0x37,0x00,0x01,0x05,0x01,0x3f,
    0x01,0x7f,0x0d,0xff,0x01,0xd4,0x01,0x80,0x38,0x00,0x01,0x01,0x01,0x0f,0x01,0x1f,
    0x02,0x7f,0x0c,0xff,0x01,0xfe,0x01,0xfc,0x01,0xf8,0x04,0xf0,0x34,0x00,0x03,0x01,
    0x02,0x07,0x01,0x0f,0x03,0x1f,0x03,0x3f,0x08,0x7f,0xa8,0x00,0x06,0xff,0x01,0x57,
    0x09,0x03,0x03,0x07,0x01,0xbf,0x0e,0xff,0x01,0x55,0x07,0x00,0x01,0x55,0x0e,0xff,
    0x01,0xbb,0x08,0x03,0x03,0x07,0x01,0xbf,0x08,0xff,0x01,0xfd,0x07,0xf8,0x04,0xfc,
    0x01,0xfd,0x0b,0xff,0x01,0x7f,0x01,0x3f,0x01,0x17,0x01,0x03,0x01,0x01,0x07,0x00,
    0x01,0x55,0x0f,0xff,0x08,0xfe,0x0c,0xff,0x01,0x5f,0x01,0x0f,0x01,0x1f,0x01,0x0f,
    0x01,0x1f,0x01,0x3f,0x01,0x7f,0x0c,0xff,0x01,0xfb,0x03,0xf1,0x01,0xc0,0x0c,0x00,
    0x01,0x55,0x0e,0xff,0x01,0xbb,0x08,0x03,0x01,0x07,0x01,0x03,0x03,0x07,0x01,0xbf,
    0x06,0xff,0x01,0x55,0x07,0x00,0x01,0x05,0x01,0x0f,0x01,0x1f,0x01,0x7f,0x0d,0xff,
    0x01,0xfe,0x01,0xf4,0x01,0xf0,0x01,0xc0,0x07,0x00,0x01,0x55,0x0e,0xff,0x01,0xfb,
    0x08,0xf8,0x01,0xfc,0x01,0xf8,0x02,0xfc,0x01,0xfd,0x01,0xff,0x06,0x3f,0x01,0x15,
    0x0b,0x00,0x01,0x01,0x01,0x03,0x01,0x17,0x0f,0x3f,0x01,0x34,0x01,0x30,0x04,0x00,
    0x01,0x15,0x1d,0x3f,0x3a,0x00,0x01,0xf4,0x01,0xf0,0x01,0xc0,0x01,0xe0,0x01,0xf0,
    0x01,0xfe,0x0c,0xff,0x01,0x5f,0x01,0x1f,0x01,0x07,0x01,0x03,0x01,0x01,0x31,0x00,
    0x0c,0xff,0x01,0x7f,0x01,0x3f,0x01,0x17,0x01,0x07,0x01,0x01,0x37,0x00,0x0a,0xff,
    0x01,0x55,0x3d,0x00,0x0a,0xff,0x01,0x55,0x3d,0x00,0x0a,0x3f,0x01,0x15,0x3d,0x00,
    0x38,0x00,0x68,0x00,0x22,0x00,0x01,0x50,0x01,0xf8,0x10,0xff,0x01,0x17,0x01,0x03,
    0x01,0x01,0x0d,0x00,0x01,0x01,0x01,0x03,0x01,0x07,0x01,0x3f,0x22,0x00,0x01,0xdd,
    0x0f,0xff,0x01,0x55,0x37,0x00,0x01,0x55,0x0f,0xff,0x01,0xfd,0x01,0xe8,0x01,0x40,
    0x12,0x00,0x01,0xe0,0x24,0x00,0x01,0x07,0x01,0x3f,0x01,0x7f,0x0e,0xff,0x01,0xfe,
    0x01,0xfc,0x01,0xf8,0x03,0xf0,0x01,0xe0,0x01,0xf0,0x03,0xe0,0x03,0xf0,0x01,0xf8,
    0x01,0xfc,0x01,0xfe,0x02,0xff,0x28,0x00,0x01,0x01,0x01,0x03,0x01,0x07,0x01,0x0f,
    0x01,0x1f,0x01,0x3f,0x01,0x1f,0x01,0x3f,0x03,0x7f,0x15,0xff,0x9a,0x00,0x02,0xff,
    0x01,0x55,0x0c,0x00,0x01,0x80,0x01,0x41,0x0f,0xff,0x01,0x7f,0x01,0x3f,0x01,0x15,
    0x08,0x00,0x11,0xff,0x01,0x55,0x0a,0x00,0x01,0x80,0x03,0xff,0x07,0xfe,0x01,0xff,
    0x01,0xfe,0x0e,0xff,0x03,0x7f,0x01,0x3f,0x01,0x1f,0x01,0x07,0x01,0x01,0x0a,0x00,
    0x1f,0xff,0x01,0x57,0x04,0x07,0x01,0x0f,0x01,0x1f,0x01,0x3f,0x01,0x7f,0x0b,0xff,
    0x03,0xfd,0x01,0xf8,0x01,0xf0,0x01,0xe0,0x01,0xc0,0x01,0x80,0x0d,0x00,0x11,0xff,
    0x01,0x57,0x09,0x03,0x01,0x07,0x01,0x03,0x02,0xff,0x01,0x55,0x07,0x00,0x01,0x01,
    0x01,0x03,0x01,0x17,0x01,0x3f,0x01,0x7f,0x0f,0xff,0x01,0xfd,0x01,0xf8,0x01,0xf0,
    0x01,0x80,0x09,0x00,0x11,0xff,0x01,0xf5,0x0a,0xf0,0x01,0xf8,0x02,0xff,0x01,0x55,
    0x0c,0x00,0x01,0x01,0x01,0x07,0x01,0x1f,0x01,0x5f,0x0f,0xff,0x01,0xfd,0x01,0xfc,
    0x01,0xf0,0x01,0xa0,0x05,0x00,0x1d,0xff,0x4e,0x00,0x0a,0xff,0x01,0xfd,0x01,0xfc,
    0x01,0xf0,0x01,0xf8,0x01,0xfd,0x0d,0xff,0x01,0x7f,0x01,0x3f,0x01,0x17,0x01,0x03,
    0x01,0x01,0x27,0x00,0x01,0x17,0x01,0x3f,0x01,0x7f,0x13,0xff,0x01,0x7f,0x01,0x3f,
    0x01,0x17,0x01,0x0f,0x01,0x05,0x31,0x00,0x01,0x57,0x0f,0xff,0x01,0x77,0x01,0x23,
    0x01,0x01,0x35,0x00,0x01,0x55,0x0f,0xff,0x01,0x77,0x01,0x22,0x36,0x00,0x01,0x55,
    0x0f,0xff,0x01,0x77,0x01,0x22,0x32,0x00,0x38,0x00,0x82,0x00,0x14,0x00,0x01,0x50,
    0x01,0xfe,0x10,0xff,0x01,0x7f,0x01,0x2f,0x01,0x07,0x01,0x03,0x01,0x01,0x0f,0x00,
    0x02,0x01,0x01,0x07,0x01,0x3f,0x01,0x7f,0x09,0xff,0x13,0x00,0x01,0xaa,0x12,0xff,
    0x01,0x55,0x17,0x00,0x01,0x55,0x09,0xff,0x13,0x00,0x01,0x02,0x01,0x57,0x11,0xff,
    0x01,0xf5,0x01,0xe0,0x15,0x00,0x01,0xa0,0x01,0xf5,0x09,0xff,0x14,0x00,0x01,0x01,
    0x01,0x03,0x01,0x1f,0x02,0x7f,0x10,0xff,0x01,0xfe,0x01,0xfc,0x01,0xf8,0x01,0xf0,
    0x01,0xe0,0x01,0xc0,0x01,0xe0,0x05,0xc0,0x01,0xe0,0x01,0xc0,0x01,0xe0,0x03,0xf0,
    0x01,0xfc,0x0c,0xff,0x18,0x00,0x01,0x01,0x01,0x03,0x01,0x07,0x01,0x0f,0x01,0x1f,
    0x01,0x3f,0x01,0x7f,0x01,0xff,0x01,0x7f,0x23,0xff,0x03,0x7f,0x01,0x3f,0x84,0x00,
    0x09,0x00,0x03,0x80,0x01,0xc0,0x01,0xe0,0x01,0xf5,0x11,0xff,0x01,0x7f,0x01,0x0b,
    0x0a,0x00,0x01,0x55,0x11,0xff,0x01,0xdd,0x09,0x80,0x18,0xff,0x03,0x7f,0x01,0x3f,
    0x01,0x1f,0x01,0x0f,0x01,0x07,0x01,0x01,0x0c,0x00,0x01,0x55,0x1b,0xff,0x03,0x07,
    0x01,0x0f,0x01,0x1f,0x01,0x3f,0x01,0x7f,0x0e,0xff,0x01,0xfe,0x01,0xfd,0x01,0xf8,
    0x02,0xf0,0x01,0xc0,0x01,0x80,0x10,0x00,0x01,0x55,0x11,0xff,0x01,0xdf,0x09,0x03,
    0x07,0x00,0x01,0x01,0x01,0x07,0x01,0x1f,0x01,0x5f,0x12,0xff,0x01,0xfe,0x01,0xf0,
    0x01,0xe0,0x0c,0x00,0x01,0x55,0x11,0xff,0x01,0xfd,0x09,0xe0,0x0c,0x00,0x01,0x07,
    0x01,0x0f,0x01,0x5f,0x12,0xff,0x01,0xfe,0x01,0xf4,0x01,0xe0,0x01,0x40,0x07,0x00,
    0x01,0x55,0x1b,0xff,0x58,0x00,0x02,0x00,0x01,0x01,0x01,0x07,0x01,0x17,0x01,0x3f,
    0x01,0x7f,0x0f,0xff,0x01,0xfc,0x01,0xf8,0x01,0xfd,0x0f,0xff,0x01,0x7f,0x01,0x3f,
    0x01,0x17,0x01,0x07,0x01,0x01,0x23,0x00,0x01,0x07,0x01,0x0f,0x01,0x1f,0x02,0x7f,
    0x15,0xff,0x01,0x7f,0x01,0x3f,0x01,0x1f,0x01,0x0f,0x01,0x05,0x2d,0x00,0x01,0x01,
    0x01,0x03,0x01,0xdf,0x11,0xff,0x01,0x77,0x01,0x03,0x01,0x01,0x33,0x00,0x01,0xdd,
    0x11,0xff,0x01,0x77,0x35,0x00,0x01,0xdd,0x11,0xff,0x01,0x77,0x27,0x00,0x38,0x00,
    0x7e,0x00,0x04,0x00,0x01,0x54,0x14,0xff,0x01,0xbf,0x01,0x05,0x18,0x00,0x01,0x03,
    0x01,0x57,0x13,0xff,0x04,0x00,0x01,0x77,0x13,0xff,0x01,0xf7,0x01,0xa2,0x1a,0x00,
    0x01,0x55,0x13,0xff,0x04,0x00,0x01,0x15,0x15,0xff,0x01,0xd0,0x01,0x80,0x17,0x00,
    0x01,0xe0,0x01,0xf5,0x13,0xff,0x06,0x00,0x01,0x05,0x01,0x1f,0x01,0x7f,0x14,0xff,
    0x02,0xfc,0x01,0xf8,0x01,0xf0,0x01,0xe0,0x01,0xc0,0x01,0xe0,0x05,0xc0,0x01,0xe0,
    0x01,0xc0,0x01,0xe0,0x01,0xf0,0x01,0xe0,0x01,0xf0,0x01,0xf8,0x01,0xfc,0x01,0xfe,
    0x14,0xff,0x01,0x5f,0x01,0x0f,0x0a,0x00,0x01,0x05,0x01,0x07,0x01,0x17,0x01,0x3f,
    0x03,0x7f,0x2d,0xff,0x02,0x7f,0x02,0x1f,0x01,0x07,0x01,0x03,0x01,0x01,0x03,0x00,
    0x84,0x00,0x04,0xe0,0x05,0xf0,0x01,0xf8,0x02,0xfc,0x12,0xff,0x01,0x7f,0x01,0x3f,
    0x01,0x17,0x01,0x03,0x0b,0x00,0x15,0xff,0x01,0xfd,0x05,0xf8,0x12,0xff,0x03,0x7f,
    0x01,0x3f,0x01,0x7f,0x01,0x3f,0x02,0x1f,0x02,0x0f,0x01,0x07,0x01,0x03,0x01,0x01,
    0x0e,0x00,0x1b,0xff,0x01,0x07,0x01,0x0f,0x01,0x5f,0x01,0xff,0x01,0x7f,0x10,0xff,
    0x01,0xfe,0x02,0xfc,0x02,0xf0,0x01,0xc0,0x01,0x80,0x11,0x00,0x15,0xff,0x01,0x55,
    0x09,0x00,0x01,0x01,0x01,0x03,0x01,0x1f,0x01,0x3f,0x01,0x7f,0x14,0xff,0x01,0xfe,
    0x01,0xf0,0x01,0xe0,0x0d,0x00,0x15,0xff,0x01,0xf5,0x05,0xe0,0x08,0x00,0x01,0x01,
    0x01,0x03,0x01,0x17,0x01,0x3f,0x01,0x7f,0x14,0xff,0x01,0xfe,0x01,0xf4,0x01,0xe0,
    0x01,0x40,0x08,0x00,0x1b,0xff,0x4c,0x00,0x0e,0x00,0x01,0x01,0x01,0x03,0x01,0x17,
    0x01,0x3f,0x01,0x7f,0x21,0xff,0x02,0x7f,0x01,0x1f,0x01,0x0f,0x01,0x07,0x01,0x03,
    0x22,0x00,0x01,0x01,0x01,0x07,0x01,0x1f,0x01,0x3f,0x01,0x7f,0x17,0xff,0x01,0x7f,
    0x01,0x3f,0x01,0x07,0x01,0x03,0x01,0x01,0x2b,0x00,0x01,0x01,0x01,0xbb,0x14,0xff,
    0x01,0x55,0x32,0x00,0x01,0xbb,0x14,0xff,0x01,0x55,0x32,0x00,0x01,0xbb,0x14,0xff,
    0x01,0x55,0x19,0x00,0x38,0x00,0x76,0x00,0x0a,0xff,0x01,0x5f,0x01,0x0b,0x1c,0x00,
    0x01,0x01,0x01,0xbf,0x16,0xff,0x01,0xf5,0x01,0xa0,0x06,0x00,0x0a,0xff,0x01,0x55,
    0x1e,0x00,0x01,0xaa,0x16,0xff,0x01,0x7f,0x01,0x2a,0x06,0x00,0x0b,0xff,0x01,0xf8,
    0x01,0x40,0x1a,0x00,0x01,0x80,0x01,0x50,0x17,0xff,0x01,0x57,0x07,0x00,0x0d,0xff,
    0x01,0xfe,0x01,0xfc,0x01,0xf8,0x01,0xf0,0x01,0xe0,0x02,0xc0,0x02,0x80,0x01,0x00,
    0x01,0x80,0x05,0x00,0x01,0x80,0x01,0x00,0x01,0x80,0x03,0xc0,0x01,0xe0,0x01,0xf0,
    0x01,0xf8,0x01,0xfc,0x15,0xff,0x01,0x7f,0x01,0x3f,0x01,0x17,0x01,0x03,0x08,0x00,
    0x36,0xff,0x02,0x7f,0x02,0x1f,0x01,0x07,0x01,0x03,0x01,0x01,0x0b,0x00,0x8c,0x00,
    0x01,0xfc,0x01,0xf8,0x03,0xfc,0x01,0xfe,0x01,0xfc,0x01,0xfe,0x14,0xff,0x01,0x7f,
    0x01,0x3f,0x01,0x1f,0x01,0x0f,0x01,0x01,0x0d,0x00,0x01,0x55,0x17,0xff,0x01,0xfd,
    0x01,0xfc,0x11,0xff,0x01,0xbf,0x05,0x1f,0x01,0x0f,0x01,0x07,0x01,0x03,0x01,0x01,
    0x13,0x00,0x01,0x55,0x19,0xff,0x01,0x7f,0x14,0xff,0x01,0xfe,0x01,0xfc,0x01,0xf8,
    0x01,0xf0,0x01,0xe0,0x01,0x40,0x13,0x00,0x01,0x55,0x17,0xff,0x01,0x55,0x01,0x00,
    0x01,0x01,0x01,0x03,0x01,0x17,0x01,0x3f,0x01,0x7f,0x16,0xff,0x01,0xfe,0x01,0xf4,
    0x01,0xf0,0x01,0xc0,0x01,0x80,0x0e,0x00,0x01,0x55,0x17,0xff,0x01,0xd5,0x01,0x80,
    0x04,0x00,0x01,0x01,0x01,0x03,0x01,0x17,0x01,0x3f,0x01,0x7f,0x17,0xff,0x01,0xf4,
    0x01,0xf0,0x01,0xc0,0x01,0x80,0x0a,0x00,0x01,0x55,0x19,0xff,0x6c,0x00,0x1a,0x00,
    0x01,0x01,0x01,0x03,0x01,0x07,0x01,0x1f,0x01,0x5f,0x25,0xff,0x01,0x5f,0x01,0x0f,
    0x01,0x07,0x01,0x03,0x01,0xc0,0x01,0x80,0x1e,0x00,0x01,0x01,0x01,0x03,0x01,0x17,
    0x01,0x3f,0x01,0x7f,0x19,0xff,0x01,0x7f,0x01,0x3f,0x01,0x17,0x01,0x03,0x01,0x01,
    0x05,0x00,0x02,0xff,0x01,0xfd,0x01,0xf8,0x01,0x40,0x20,0x00,0x01,0xbb,0x16,0xff,
    0x01,0x77,0x01,0x22,0x0a,0x00,0x04,0xff,0x01,0x55,0x20,0x00,0x01,0xbb,0x16,0xff,
    0x01,0x77,0x01,0x22,0x0a,0x00,0x01,0x7f,0x01,0x3f,0x01,0x17,0x01,0x03,0x21,0x00,
    0x01,0xbb,0x16,0xff,0x01,0x77,0x01,0x22,0x0a,0x00,0x38,0x00,0x70,0x00,0x1c,0x00,
    0x01,0x15,0x19,0xff,0x01,0xfd,0x01,0x80,0x0d,0x00,0x01,0xbb,0x02,0xff,0x1d,0x00,
    0x1a,0xff,0x01,0x8a,0x0d,0x00,0x01,0xbb,0x02,0xff,0x1b,0x00,0x01,0x80,0x01,0xf5,
    0x19,0xff,0x01,0x55,0x0e,0x00,0x01,0xbb,0x02,0xff,0x01,0xd0,0x01,0x80,0x01,0xc0,
    0x01,0x80,0x11,0x00,0x01,0x80,0x02,0xc0,0x01,0xf0,0x01,0xf8,0x01,0xfc,0x19,0xff,
    0x01,0x17,0x01,0x03,0x0f,0x00,0x01,0xbb,0x07,0xff,0x03,0xfe,0x01,0xfc,0x01,0xfe,
    0x05,0xfc,0x01,0xfe,0x01,0xfc,0x01,0xfe,0x01,0xff,0x01,0xfe,0x1a,0xff,0x01,0x7f,
    0x01,0x3f,0x01,0x17,0x01,0x07,0x01,0x05,0x12,0x00,0x01,0xbb,0x02,0xff,0x5a,0x00,
    0x02,0xfe,0x19,0xff,0x01,0x7f,0x01,0x1f,0x01,0x0f,0x01,0x05,0x10,0x00,0x01,0xaa,
    0x26,0xff,0x01,0x7f,0x03,0x3f,0x03,0x1f,0x01,0x0f,0x02,0x07,0x02,0x03,0x01,0x01,
    0x14,0x00,0x01,0xaa,0x29,0xff,0x01,0xfe,0x02,0xfc,0x01,0xf4,0x01,0xf0,0x01,0xd0,
    0x01,0xc0,0x17,0x00,0x01,0xaa,0x31,0xff,0x01,0xfe,0x01,0xfc,0x01,0xe0,0x01,0x40,
    0x12,0x00,0x01,0xaa,0x18,0xff,0x01,0x05,0x01,0x0f,0x01,0x5f,0x1b,0xff,0x01,0xfc,
    0x01,0xf0,0x01,0x40,0x0e,0x00,0x01,0xaa,0x18,0xff,0x4e,0x00,0x02,0x1f,0x02,0x07,
    0x02,0x01,0x20,0x00,0x01,0x01,0x01,0x03,0x01,0x07,0x01,0x1f,0x01,0x5f,0x1e,0xff,
    0x01,0xfe,0x02,0xfc,0x03,0xf0,0x01,0xe0,0x01,0x40,0x23,0x00,0x01,0x01,0x01,0x03,
    0x01,0x17,0x01,0x3f,0x01,0x7f,0x21,0xff,0x01,0xfc,0x01,0xf8,0x01,0x40,0x24,0x00,
    0x01,0x01,0x01,0x55,0x21,0xff,0x01,0x75,0x25,0x00,0x01,0x55,0x1f,0xff,0x01,0x5f,
    0x01,0x0f,0x01,0x05,0x25,0x00,0x01,0x55,0x15,0xff,0x3f,0x00,0x1c,0x00,0xff,0x00,
    0x21,0x00,0x04,0xf8,0x01,0xf0,0x01,0xf8,0x01,0xf0,0x01,0xf8,0x05,0xf0,0x03,0xe0,
    0x03,0xc0,0x01,0x80,0x28,0x00,0x01,0x40,0x0b,0xe0,0x1c,0x00,0xff,0x00,0x21,0x00,
    0x06,0xe0,0x01,0xc0,0x01,0xe0,0x01,0xc0,0x01,0xe0,0x05,0xc0,0x01,0x80,0x01,0x00,
    0x01,0x80,0x1e,0x00,0x01,0x40,0x17,0xe0,0x14,0x00,0xff,0x00,0x21,0x00,0x03,0xc0,
    0x01,0x80,0x18,0x00,0x01,0x40,0x1f,0xe0,0x01,0xc0,0x01,0x80,0x0a,0x00,0x68,0x00,
    0x10,0x00,0x01,0x77,0x1b,0xff,0x01,0x77,0x01,0x20,0x0e,0x00,0x01,0x55,0x0b,0xff,
    0x10,0x00,0x01,0x75,0x1b,0xff,0x01,0x77,0x01,0x02,0x0e,0x00,0x01,0x55,0x0b,0xff,
    0x0e,0x00,0x01,0x40,0x01,0xfe,0x1c,0xff,0x01,0x15,0x0f,0x00,0x01,0x55,0x0b,0xff,
    0x09,0x00,0x01,0x80,0x01,0xc0,0x01,0xe0,0x01,0xf0,0x01,0xfe,0x1a,0xff,0x01,0x7f,
    0x01,0xff,0x01,0x17,0x01,0x02,0x10,0x00,0x01,0x55,0x0b,0xff,0x01,0xf0,0x01,0xf8,
    0x01,0xf0,0x01,0xf8,0x03,0xfc,0x01,0xfe,0x1c,0xff,0x02,0x7f,0x01,0x1f,0x01,0x0f,
    0x01,0x01,0x13,0x00,0x01,0x55,0x0b,0xff,0x58,0x00,0x18,0xff,0x02,0x7f,0x01,0x5f,
    0x01,0x0f,0x01,0x07,0x01,0x03,0x01,0x01,0x11,0x00,0x01,0x55,0x23,0xff,0x01,0x7f,
    0x01,0x3f,0x01,0x1f,0x01,0x3f,0x03,0x1f,0x01,0x0f,0x01,0x07,0x01,0x03,0x03,0x01,
    0x17,0x00,0x01,0x55,0x26,0xff,0x01,0xfe,0x03,0xfc,0x02,0xf0,0x01,0xc0,0x1a,0x00,
    0x01,0x55,0x2e,0xff,0x01,0xfe,0x01,0xfc,0x01,0xf8,0x01,0xd0,0x01,0x80,0x14,0x00,
    0x01,0x55,0x33,0xff,0x01,0xfd,0x01,0xf8,0x01,0xd0,0x01,0x80,0x10,0x00,0x01,0x55,
    0x17,0xff,0x58,0x00,0x05,0xff,0x01,0xbf,0x01,0x9f,0x01,0x8f,0x01,0x17,0x02,0x07,
    0x01,0x03,0x01,0x01,0x27,0x00,0x01,0x01,0x01,0x03,0x01,0x07,0x01,0x0f,0x01,0x1f,
    0x01,0x7f,0x19,0xff,0x01,0xfe,0x03,0xfc,0x02,0xf0,0x01,0xe0,0x01,0x40,0x27,0x00,
    0x01,0x01,0x01,0x03,0x01,0x17,0x01,0x3f,0x01,0x5f,0x1c,0xff,0x01,0xfe,0x01,0xf4,
    0x01,0xe0,0x2a,0x00,0x01,0x77,0x1d,0xff,0x01,0x55,0x29,0x00,0x01,0x77,0x1b,0xff,
    0x01,0x7f,0x01,0x3f,0x01,0x05,0x29,0x00,0x01,0x77,0x07,0xff,0x3f,0x00,0x22,0x00,
    0xd9,0x00,0x01,0x80,0x31,0x00,0x15,0x80,0x05,0xff,0x01,0xfe,0x01,0xfc,0x01,0xfe,
    0x01,0xfc,0x03,0xf8,0x01,0xf0,0x01,0xe0,0x02,0xc0,0x01,0x40,0x22,0x00,0x01,0xee,
    0x14,0xff,0x30,0x00,0xd9,0x00,0x01,0x80,0x01,0x00,0x01,0x80,0x01,0x00,0x01,0x80,
    0x2d,0x00,0x15,0x80,0x0b,0xff,0x01,0xfe,0x01,0xff,0x01,0xfe,0x01,0xfc,0x01,0xfe,
    0x01,0xfc,0x01,0xf8,0x01,0xfc,0x01,0xf8,0x01,0xf0,0x01,0xe0,0x02,0xc0,0x1a,0x00,
    0x01,0x55,0x15,0xff,0x2a,0x00,0xd8,0x00,0x04,0x80,0x01,0x00,0x01,0x80,0x21,0x00,
    0x21,0x80,0x0b,0xff,0x03,0xfe,0x01,0xfc,0x01,0xf8,0x03,0xf0,0x01,0xe0,0x01,0xc0,
    0x01,0x80,0x12,0x00,0x01,0x01,0x01,0x07,0x01,0x1f,0x01,0x3f,0x01,0x7f,0x1b,0xff,
    0x48,0x00,0x02,0x00,0x01,0x55,0x1f,0xff,0x01,0x55,0x10,0x00,0x01,0xee,0x14,0xff,
    0x02,0x00,0x01,0x55,0x1f,0xff,0x01,0x55,0x10,0x00,0x01,0xee,0x14,0xff,0x01,0x00,
    0x01,0xf0,0x01,0xfd,0x1d,0xff,0x01,0x7f,0x01,0x3f,0x01,0x05,0x10,0x00,0x01,0xee,
    0x33,0xff,0x01,0x3f,0x01,0x17,0x12,0x00,0x01,0xee,0x2f,0xff,0x01,0x7f,0x01,0x17,
    0x01,0x0f,0x01,0x01,0x14,0x00,0x01,0xee,0x14,0xff,0x5a,0x00,0x16,0xff,0x02,0x7f,
    0x01,0x3f,0x01,0x1f,0x01,0x07,0x01,0x03,0x01,0x01,0x15,0x00,0x01,0x55,0x1e,0xff,
    0x01,0xbf,0x01,0x1f,0x01,0x3f,0x03,0x1f,0x01,0x0f,0x03,0x07,0x01,0x03,0x02,0x01,
    0x1c,0x00,0x01,0x55,0x22,0xff,0x01,0xfe,0x02,0xfc,0x01,0xf4,0x01,0xf8,0x01,0xf0,
    0x01,0xc0,0x01,0x40,0x1d,0x00,0x01,0x55,0x2b,0xff,0x01,0xfc,0x01,0xf8,0x01,0xf0,
    0x01,0xe0,0x18,0x00,0x01,0x55,0x30,0xff,0x01,0xfe,0x01,0xf0,0x01,0xe0,0x01,0x40,
    0x13,0x00,0x01,0x55,0x15,0xff,0x4c,0x00,0x0d,0xff,0x01,0xef,0x01,0xc7,0x01,0xe7,
    0x01,0xc7,0x01,0xc3,0x01,0xc1,0x01,0x81,0x01,0x01,0x2f,0x00,0x01,0x01,0x01,0x03,
    0x01,0x17,0x01,0x3f,0x17,0xff,0x01,0xfe,0x01,0xfc,0x01,0xf8,0x01,0xf0,0x01,0xe0,
    0x01,0xc0,0x01,0x80,0x2a,0x00,0x01,0x5f,0x1d,0xff,0x01,0xfd,0x01,0xf8,0x01,0x50,
    0x27,0x00,0x01,0x40,0x1f,0xff,0x01,0xf7,0x01,0xaa,0x26,0x00,0x20,0xff,0x01,0x57,
    0x01,0x02,0x26,0x00,0x3f,0x00,0x1e,0x00,0xd8,0x00,0x01,0xc0,0x01,0x80,0x2d,0x00,
    0x19,0xf0,0x05,0xff,0x01,0xfe,0x01,0xfc,0x01,0xf8,0x03,0xf0,0x01,0xe0,0x01,0xc0,
    0x01,0x80,0x21,0x00,0x19,0xff,0x22,0x00,0xd8,0x00,0x03,0xf0,0x01,0xe0,0x01,0xf0,
    0x05,0xe0,0x05,0xc0,0x01,0x80,0x23,0x00,0x15,0xf0,0x13,0xff,0x01,0xfe,0x03,0xfc,
    0x02,0xf0,0x01,0xe0,0x01,0x40,0x18,0x00,0x15,0xff,0x34,0x00,0xd8,0x00,0x0b,0xf0,
    0x03,0xe0,0x03,0xc0,0x01,0x80,0x01,0xc0,0x01,0x80,0x18,0x00,0x01,0x10,0x01,0x30,
    0x01,0x70,0x19,0xf0,0x16,0xff,0x02,0xfc,0x01,0xf4,0x01,0xf8,0x01,0xf0,0x01,0xe0,
    0x01,0x40,0x13,0x00,0x01,0x07,0x01,0x0f,0x01,0x1f,0x01,0x3f,0x01,0x7f,0x13,0xff,
    0x2a,0x00,0x1c,0xff,0x01,0x77,0x01,0x22,0x11,0x00,0x35,0xff,0x01,0x77,0x01,0x02,
    0x11,0x00,0x35,0xff,0x01,0x15,0x12,0x00,0x33,0xff,0x01,0x57,0x01,0x02,0x13,0x00,
    0x2f,0xff,0x01,0x5f,0x01,0x0f,0x01,0x07,0x16,0x00,0x19,0xff,0x4c,0x00,0x16,0xff,
    0x01,0x7f,0x01,0x3f,0x01,0x1f,0x01,0x0f,0x01,0x07,0x01,0x03,0x01,0x01,0x16,0x00,
    0x1c,0xff,0x03,0xbf,0x03,0x1f,0x03,0x0f,0x01,0x07,0x01,0x03,0x03,0x01,0x1e,0x00,
    0x22,0xff,0x01,0xfe,0x02,0xfc,0x02,0xf0,0x01,0xc0,0x01,0x80,0x1f,0x00,0x2a,0xff,
    0x01,0xfe,0x01,0xfc,0x01,0xf8,0x01,0xd0,0x01,0x80,0x19,0x00,0x2f,0xff,0x01,0xfd,
    0x01,0xf8,0x01,0xf0,0x01,0x80,0x15,0x00,0x15,0xff,0x4a,0x00,0x10,0xff,0x01,0xf7,
    0x01,0xff,0x01,0xf7,0x02,0xe7,0x01,0xe3,0x03,0xc1,0x01,0x80,0x2e,0x00,0x1d,0xff,
    0x01,0xfe,0x01,0xfc,0x01,0xf8,0x01,0xf0,0x01,0xe0,0x01,0x40,0x25,0x00,0x01,0x03,
    0x02,0x07,0x01,0x1f,0x01,0x7f,0x1e,0xff,0x01,0xfe,0x01,0xf4,0x01,0xe0,0x26,0x00,
    0x01,0x41,0x21,0xff,0x01,0x55,0x21,0x00,0x01,0xf0,0x01,0xf8,0x01,0xfc,0x01,0xfe,
    0x22,0xff,0x01,0x15,0x21,0x00,0x3f,0x00,0x26,0x00,0xd8,0x00,0x03,0xc0,0x01,0x80,
    0x2c,0x00,0x01,0x50,0x17,0xf0,0x07,0xff,0x01,0xfe,0x01,0xfc,0x01,0xf8,0x01,0xfc,
    0x01,0xf8,0x01,0xf0,0x01,0xe0,0x01,0xc0,0x01,0x80,0x20,0x00,0x01,0x55,0x17,0xff,
    0x28,0x00,0xd8,0x00,0x05,0xf0,0x01,0xe0,0x01,0xf0,0x03,0xe0,0x05,0xc0,0x01,0x80,
    0x22,0x00,0x01,0x50,0x15,0xf0,0x13,0xff,0x01,0xfe,0x03,0xfc,0x01,0xf8,0x01,0xf0,
    0x01,0xe0,0x01,0xc0,0x17,0x00,0x01,0x55,0x15,0xff,0x34,0x00,0xd8,0x00,0x09,0xf0,
    0x03,0xe0,0x01,0xc0,0x01,0xe0,0x03,0xc0,0x01,0x80,0x19,0x00,0x01,0x10,0x01,0x70,
    0x1b,0xf0,0x15,0xff,0x01,0xfe,0x01,0xfc,0x01,0xf8,0x01,0xf0,0x01,0xe0,0x01,0xc0,
    0x01,0x80,0x12,0x00,0x01,0x01,0x01,0x07,0x01,0x17,0x01,0x3f,0x01,0x7f,0x15,0xff,
    0x2e,0x00,0x1e,0xff,0x01,0xdd,0x11,0x00,0x01,0x55,0x35,0xff,0x01,0x5d,0x11,0x00,
    0x01,0x55,0x35,0xff,0x01,0x15,0x11,0x00,0x01,0x55,0x33,0xff,0x01,0x17,0x13,0x00,
    0x01,0x55,0x2f,0xff,0x01,0x1f,0x01,0x0f,0x01,0x05,0x15,0x00,0x01,0x55,0x17,0xff,
    0x52,0x00,0x14,0xff,0x02,0x7f,0x01,0x5f,0x01,0x1f,0x01,0x17,0x01,0x07,0x01,0x05,
    0x17,0x00,0x01,0x55,0x1d,0xff,0x03,0xdf,0x01,0x8f,0x04,0x07,0x02,0x03,0x01,0x01,
    0x1f,0x00,0x01,0x55,0x24,0xff,0x01,0xfe,0x01,0xfc,0x01,0xf8,0x01,0xf0,0x01,0xe0,
    0x01,0x40,0x1d,0x00,0x01,0x55,0x2b,0xff,0x01,0xfd,0x01,0xf8,0x01,0xf0,0x01,0xe0,
    0x18,0x00,0x01,0x55,0x30,0xff,0x01,0xfe,0x01,0xf0,0x01,0xe0,0x01,0x40,0x13,0x00,
    0x01,0x55,0x15,0xff,0x4a,0x00,0x10,0xff,0x01,0xf7,0x01,0xf3,0x03,0xf1,0x01,0xe0,
    0x03,0xc0,0x01,0x80,0x2e,0x00,0x1b,0xff,0x01,0xfe,0x01,0xfd,0x01,0xfc,0x01,0xf4,
    0x01,0xf0,0x01,0xc0,0x01,0x80,0x26,0x00,0x02,0x07,0x01,0x1f,0x01,0xff,0x01,0x7f,
    0x1d,0xff,0x01,0xfd,0x01,0xf8,0x01,0x40,0x25,0x00,0x01,0x40,0x01,0xe8,0x01,0xf7,
    0x1f,0xff,0x01,0x77,0x23,0x00,0x01,0xfc,0x01,0xfe,0x22,0xff,0x01,0x15,0x23,0x00,
    0x3f,0x00,0x1e,0x00,0xd8,0x00,0x01,0xc0,0x03,0x80,0x2f,0x00,0x15,0xc0,0x07,0xff,
    0x01,0xfe,0x03,0xfc,0x01,0xf8,0x03,0xf0,0x01,0xe0,0x01,0xc0,0x01,0x80,0x21,0x00,
    0x15,0xff,0x30,0x00,0xd8,0x00,0x05,0xc0,0x01,0x80,0x01,0xc0,0x03,0x80,0x01,0x00,
    0x01,0x80,0x26,0x00,0x01,0x40,0x15,0xc0,0x0f,0xff,0x01,0xfe,0x01,0xff,0x01,0xfe,
    0x02,0xfc,0x01,0xf0,0x01,0xf8,0x01,0xf0,0x01,0xe0,0x01,0xc0,0x01,0x80,0x18,0x00,
    0x01,0x55,0x15,0xff,0x34,0x00,0xd8,0x00,0x07,0xc0,0x03,0x80,0x01,0x00,0x01,0x80,
    0x1c,0x00,0x01,0x40,0x1f,0xc0,0x0f,0xff,0x01,0xfe,0x01,0xfc,0x01,0xf8,0x01,0xfc,
    0x01,0xf8,0x01,0xf0,0x01,0xe0,0x01,0xc0,0x01,0x80,0x10,0x00,0x01,0x01,0x01,0x03,
    0x01,0x07,0x01,0x0f,0x01,0x1f,0x01,0x7f,0x1a,0xff,0x3e,0x00,0x02,0x00,0x01,0x5d,
    0x1f,0xff,0x01,0x55,0x10,0x00,0x15,0xff,0x01,0x00,0x01,0xa0,0x01,0xfd,0x1f,0xff,
    0x01,0x55,0x10,0x00,0x15,0xff,0x01,0x50,0x1f,0xff,0x01,0x7f,0x01,0x2b,0x11,0x00,
    0x33,0xff,0x01,0x7f,0x01,0x0f,0x01,0x05,0x12,0x00,0x2f,0xff,0x01,0x7f,0x01,0x3f,
    0x01,0x17,0x01,0x03,0x01,0x01,0x14,0x00,0x15,0xff,0x5a,0x00,0x16,0xff,0x01,0x7f,
    0x01,0x3f,0x01,0x1f,0x01,0x0f,0x01,0x07,0x01,0x03,0x01,0x01,0x15,0x00,0x01,0x55,
    0x1d,0xff,0x03,0xdf,0x01,0x8f,0x01,0x1f,0x01,0x0f,0x03,0x07,0x01,0x03,0x03,0x01,
    0x1d,0x00,0x01,0x55,0x24,0xff,0x01,0xfe,0x01,0xfc,0x01,0xf8,0x01,0xf0,0x01,0xe0,
    0x01,0xc0,0x01,0x80,0x1c,0x00,0x01,0x55,0x2c,0xff,0x01,0xfc,0x01,0xf0,0x01,0xe0,
    0x01,0x40,0x17,0x00,0x01,0x55,0x30,0xff,0x01,0xfe,0x01,0xf4,0x01,0xe0,0x01,0x40,
    0x13,0x00,0x01,0x55,0x15,0xff,0x44,0x00,0x0c,0xff,0x01,0xf7,0x01,0xff,0x01,0xf7,
    0x02,0xe7,0x01,0xe3,0x03,0xc1,0x01,0x80,0x2e,0x00,0x02,0x01,0x01,0x05,0x01,0x0f,
    0x19,0xff,0x01,0xfe,0x01,0xfc,0x01,0xf8,0x01,0xf0,0x01,0xe0,0x01,0x40,0x29,0x00,
    0x01,0x1f,0x1e,0xff,0x01,0xfe,0x01,0xf0,0x01,0x80,0x27,0x00,0x01,0xe2,0x20,0xff,
    0x01,0x54,0x25,0x00,0x20,0xff,0x01,0x7f,0x01,0x2f,0x26,0x00,0x3f,0x00,0x20,0x00,
    0xff,0x00,0x21,0x00,0x03,0xff,0x01,0xfe,0x01,0xff,0x01,0xfe,0x01,0xfc,0x01,0xfe,
    0x03,0xfc,0x01,0xf8,0x03,0xf0,0x01,0xe0,0x03,0xc0,0x01,0x80,0x23,0x00,0x11,0xfe,
    0x1c,0x00,0xff,0x00,0x21,0x00,0x06,0xfe,0x01,0xfc,0x01,0xfe,0x05,0xfc,0x03,0xf8,
    0x03,0xf0,0x01,0xe0,0x03,0xc0,0x01,0x80,0x19,0x00,0x01,0x22,0x16,0xfe,0x28,0x00,
    0xff,0x00,0x21,0x00,0x02,0xfe,0x05,0xfc,0x01,0xf8,0x01,0xf0,0x01,0xf8,0x03,0xf0,
    0x01,0xe0,0x01,0xc0,0x01,0x80,0x13,0x00,0x01,0x06,0x01,0x16,0x01,0x3e,0x01,0x7e,
    0x1e,0xfe,0x01,0xf8,0x01,0xf0,0x01,0xc0,0x52,0x00,0x08,0x00,0x01,0x77,0x1d,0xff,
    0x01,0x55,0x10,0x00,0x11,0xff,0x07,0x00,0x01,0x80,0x01,0x77,0x1d,0xff,0x01,0x55,
    0x10,0x00,0x11,0xff,0x06,0x00,0x01,0xd0,0x01,0xfe,0x1c,0xff,0x01,0x7f,0x01,0x3f,
    0x01,0x05,0x10,0x00,0x11,0xff,0x01,0x00,0x01,0x80,0x01,0xc0,0x01,0xe0,0x01,0xf4,
    0x01,0xfe,0x1c,0xff,0x01,0x7f,0x01,0x3f,0x01,0x17,0x12,0x00,0x2f,0xff,0x01,0x7f,
    0x01,0x3f,0x01,0x17,0x01,0x03,0x01,0x01,0x14,0x00,0x11,0xff,0x62,0x00,0x16,0xff,
    0x01,0x7f,0x01,0x3f,0x01,0x1f,0x01,0x0f,0x01,0x07,0x01,0x03,0x01,0x01,0x14,0x00,
    0x01,0x22,0x20,0xff,0x01,0xdf,0x01,0x9f,0x01,0x1f,0x01,0x8f,0x01,0x07,0x01,0x0f,
    0x01,0x07,0x01,0x03,0x01,0x07,0x01,0x03,0x01,0x01,0x1c,0x00,0x01,0x22,0x25,0xff,
    0x01,0xfe,0x01,0xfd,0x01,0xfc,0x01,0xf4,0x01,0xf0,0x01,0xd0,0x01,0x80,0x1b,0x00,
    0x01,0x22,0x2d,0xff,0x01,0xfe,0x01,0xf4,0x01,0xe0,0x01,0x40,0x16,0x00,0x01,0x22,
    0x31,0xff,0x01,0xfe,0x01,0xf4,0x01,0xf0,0x01,0xc0,0x12,0x00,0x01,0x22,0x16,0xff,
    0x50,0x00,0x09,0xff,0x01,0xef,0x01,0xe7,0x01,0xef,0x01,0xc7,0x01,0xc3,0x01,0xc1,
    0x01,0x81,0x01,0x01,0x2d,0x00,0x01,0x01,0x01,0x03,0x01,0x17,0x01,0x3f,0x01,0x7f,
    0x18,0xff,0x01,0xfe,0x01,0xfc,0x01,0xf8,0x01,0xf0,0x01,0xe0,0x01,0x40,0x2b,0x00,
    0x01,0x05,0x01,0x0f,0x01,0x1f,0x01,0x3f,0x1a,0xff,0x01,0xfc,0x01,0xe8,0x01,0x40,
    0x2b,0x00,0x1c,0xff,0x01,0x55,0x2b,0x00,0x1a,0xff,0x01,0x7f,0x01,0x3f,0x01,0x05,
    0x2b,0x00,0x3f,0x00,0x20,0x00,0xff,0x00,0x21,0x00,0x04,0xf8,0x01,0xf0,0x01,0xf8,
    0x01,0xf0,0x01,0xf8,0x05,0xf0,0x03,0xe0,0x03,0xc0,0x01,0x80,0x01,0x00,0x01,0x80,
    0x26,0x00,0x01,0x40,0x0b,0xe0,0x1c,0x00,0xff,0x00,0x21,0x00,0x06,0xe0,0x01,0xc0,
    0x01,0xe0,0x01,0xc0,0x01,0xe0,0x05,0xc0,0x01,0x80,0x01,0x00,0x01,0x80,0x1e,0x00,
    0x01,0x40,0x17,0xe0,0x14,0x00,0xff,0x00,0x21,0x00,0x03,0xc0,0x01,0x80,0x18,0x00,
    0x01,0x60,0x1f,0xe0,0x01,0xc0,0x01,0x80,0x0a,0x00,0x62,0x00,0x10,0x00,0x01,0x55,
    0x1c,0xff,0x01,0xfa,0x0e,0x00,0x01,0x55,0x0b,0xff,0x10,0x00,0x01,0x55,0x1c,0xff,
    0x01,0xbf,0x0e,0x00,0x01,0x55,0x0b,0xff,0x0f,0x00,0x01,0xe8,0x01,0xf7,0x1b,0xff,
    0x01,0x57,0x01,0x02,0x0e,0x00,0x01,0x55,0x0b,0xff,0x0a,0x00,0x01,0x40,0x01,0xc0,
    0x01,0xf0,0x01,0xf8,0x01,0xfd,0x1b,0xff,0x01,0x5f,0x01,0x0f,0x01,0x01,0x0f,0x00,
    0x01,0x55,0x0b,0xff,0x01,0xf0,0x01,0xf8,0x01,0xf0,0x03,0xf8,0x01,0xfc,0x01,0xfe,
    0x1e,0xff,0x01,0x5f,0x01,0x0f,0x01,0x07,0x13,0x00,0x01,0x55,0x0b,0xff,0x58,0x00,
    0x18,0xff,0x02,0x7f,0x01,0x5f,0x01,0x1f,0x01,0x17,0x01,0x03,0x01,0x01,0x11,0x00,
    0x01,0x55,0x23,0xff,0x01,0x7f,0x01,0x3f,0x01,0x1f,0x01,0x3f,0x03,0x1f,0x01,0x0f,
    0x01,0x07,0x01,0x03,0x03,0x01,0x17,0x00,0x01,0x55,0x26,0xff,0x02,0xfe,0x02,0xfc,
    0x01,0xf8,0x01,0xf0,0x01,0xe0,0x01,0x40,0x19,0x00,0x01,0x55,0x2f,0xff,0x01,0xfd,
    0x01,0xf8,0x01,0xd0,0x01,0x80,0x14,0x00,0x01,0x55,0x34,0xff,0x01,0xf8,0x01,0xf0,
    0x01,0xc0,0x10,0x00,0x01,0x55,0x17,0xff,0x5e,0x00,0x05,0xff,0x01,0xbf,0x01,0x9f,
    0x01,0x8f,0x01,0x17,0x02,0x07,0x01,0x03,0x01,0x01,0x27,0x00,0x01,0x01,0x01,0x03,
    0x01,0x07,0x01,0x0f,0x01,0x1f,0x01,0x7f,0x19,0xff,0x01,0xfe,0x03,0xfc,0x02,0xf0,
    0x01,0xe0,0x01,0x40,0x27,0x00,0x01,0x01,0x01,0x03,0x01,0x17,0x01,0x3f,0x01,0x7f,
    0x1c,0xff,0x01,0xfe,0x01,0xf4,0x01,0xe0,0x29,0x00,0x01,0x88,0x01,0x77,0x1d,0xff,
    0x01,0x55,0x28,0x00,0x01,0x88,0x01,0x77,0x1b,0xff,0x01,0x7f,0x01,0x3f,0x01,0x05,
    0x28,0x00,0x01,0x88,0x01,0x77,0x07,0xff,0x3f,0x00,0x04,0x00,0xff,0x00,0x69,0x00,
    0x04,0x00,0xff,0x00,0x69,0x00,0x04,0x00,0xff,0x00,0x69,0x00,0x78,0x00,0x1a,0x00,
    0x01,0x01,0x01,0xaf,0x1a,0xff,0x01,0x54,0x0c,0x00,0x01,0x88,0x01,0x77,0x03,0xff,
    0x1b,0x00,0x01,0xea,0x1a,0xff,0x01,0x55,0x0c,0x00,0x01,0x88,0x01,0x77,0x03,0xff,
    0x19,0x00,0x01,0x80,0x01,0xd4,0x19,0xff,0x01,0x7f,0x01,0x3f,0x01,0x01,0x0c,0x00,
    0x01,0x88,0x01,0x77,0x03,0xff,0x01,0xc0,0x01,0x80,0x0f,0x00,0x03,0x80,0x01,0xc0,
    0x01,0xe0,0x01,0xf0,0x01,0xf8,0x01,0xfd,0x19,0xff,0x01,0x5f,0x01,0x0f,0x01,0x05,
    0x0e,0x00,0x01,0x88,0x01,0x77,0x0a,0xff,0x01,0xfe,0x01,0xff,0x03,0xfe,0x01,0xff,
    0x01,0xfe,0x1e,0xff,0x02,0x7f,0x01,0x5f,0x01,0x0f,0x01,0x07,0x01,0x03,0x11,0x00,
    0x01,0x88,0x01,0x77,0x03,0xff,0x5c,0x00,0x1a,0xff,0x01,0x7f,0x01,0x3f,0x01,0x1f,
    0x01,0x0f,0x01,0x05,0x11,0x00,0x01,0x77,0x25,0xff,0x01,0xdf,0x01,0xbf,0x03,0x1f,
    0x01,0x0f,0x03,0x07,0x01,0x03,0x01,0x01,0x17,0x00,0x01,0x77,0x2a,0xff,0x01,0xfe,
    0x01,0xfc,0x01,0xf8,0x01,0xf0,0x01,0xe0,0x01,0x40,0x17,0x00,0x01,0x77,0x31,0xff,
    0x01,0xfc,0x01,0xf8,0x01,0xd0,0x01,0x80,0x12,0x00,0x01,0x77,0x17,0xff,0x01,0x07,
    0x01,0x0f,0x01,0x5f,0x1b,0xff,0x01,0xfd,0x01,0xf8,0x01,0xd0,0x01,0x80,0x0e,0x00,
    0x01,0x77,0x17,0xff,0x50,0x00,0x01,0xd7,0x01,0x8f,0x01,0x87,0x01,0x83,0x03,0x01,
    0x23,0x00,0x01,0x01,0x01,0x07,0x01,0x17,0x01,0x3f,0x01,0x7f,0x1e,0xff,0x01,0xfe,
    0x02,0xfc,0x01,0xf4,0x01,0xf0,0x01,0xd0,0x01,0xc0,0x23,0x00,0x01,0x01,0x01,0x07,
    0x01,0x0f,0x01,0x1f,0x02,0x7f,0x20,0xff,0x01,0xfa,0x01,0x50,0x25,0x00,0x01,0x55,
    0x21,0xff,0x01,0x5d,0x25,0x00,0x01,0x55,0x1f,0xff,0x01,0x7f,0x01,0x0f,0x01,0x05,
    0x25,0x00,0x01,0x55,0x13,0xff,0x38,0x00,0x7c,0x00,0x08,0xff,0x01,0x7f,0x01,0x0b,
    0x01,0x01,0x1b,0x00,0x01,0x01,0x01,0x0f,0x01,0x7f,0x16,0xff,0x01,0xfa,0x08,0x00,
    0x08,0xff,0x01,0x77,0x1f,0x00,0x01,0x77,0x17,0xff,0x01,0x15,0x07,0x00,0x09,0xff,
    0x01,0xfa,0x01,0x40,0x1b,0x00,0x01,0x40,0x01,0xfe,0x16,0xff,0x01,0x5f,0x01,0x0f,
    0x08,0x00,0x0b,0xff,0x01,0xfe,0x01,0xf4,0x01,0xf8,0x01,0xf0,0x01,0xe0,0x01,0xc0,
    0x01,0x80,0x01,0xc0,0x01,0x80,0x07,0x00,0x01,0x80,0x01,0x00,0x01,0x80,0x01,0xc0,
    0x01,0x80,0x01,0xc0,0x01,0xe0,0x01,0xf0,0x01,0xf8,0x01,0xf4,0x01,0xfe,0x16,0xff,
    0x01,0x5f,0x01,0x0f,0x01,0x01,0x09,0x00,0x36,0xff,0x01,0x7f,0x01,0x3f,0x01,0x1f,
    0x01,0x0f,0x01,0x05,0x0d,0x00,0x82,0x00,0x01,0xf0,0x03,0xf8,0x01,0xfc,0x01,0xf8,
    0x01,0xfc,0x01,0xfe,0x14,0xff,0x01,0x7f,0x01,0x3f,0x01,0x1f,0x01,0x0f,0x01,0x01,
    0x0d,0x00,0x01,0x55,0x17,0xff,0x01,0xfd,0x01,0xfc,0x10,0xff,0x03,0x7f,0x03,0x3f,
    0x01,0x1f,0x01,0x0f,0x02,0x07,0x01,0x05,0x02,0x01,0x11,0x00,0x01,0x55,0x2c,0xff,
    0x01,0xfe,0x01,0xfc,0x01,0xf8,0x01,0xf0,0x01,0xe0,0x01,0xc0,0x01,0x80,0x14,0x00,
    0x01,0x55,0x17,0xff,0x01,0x55,0x01,0x00,0x01,0x07,0x01,0x1f,0x01,0x5f,0x18,0xff,
    0x01,0xfc,0x01,0xf0,0x01,0xe0,0x01,0x40,0x0f,0x00,0x01,0x55,0x17,0xff,0x01,0xd5,
    0x01,0x80,0x04,0x00,0x01,0x07,0x01,0x0f,0x01,0x5f,0x18,0xff,0x01,0xfe,0x01,0xf0,
    0x01,0xe0,0x01,0x40,0x0b,0x00,0x01,0x55,0x19,0xff,0x64,0x00,0x1c,0x00,0x01,0x05,
    0x01,0x0f,0x01,0x1f,0x01,0x3f,0x01,0x7f,0x23,0xff,0x02,0x7f,0x01,0x5f,0x01,0x0f,
    0x01,0xc0,0x01,0x80,0x1e,0x00,0x01,0x01,0x01,0x03,0x01,0x07,0x01,0x0f,0x01,0x1f,
    0x01,0x7f,0x1a,0xff,0x01,0x7f,0x01,0x3f,0x01,0x07,0x01,0x03,0x01,0x01,0x03,0x00,
    0x03,0xff,0x01,0xfc,0x01,0x50,0x21,0x00,0x01,0x55,0x17,0xff,0x01,0x55,0x09,0x00,
    0x04,0xff,0x01,0x77,0x21,0x00,0x01,0x55,0x17,0xff,0x01,0x55,0x09,0x00,0x02,0x7f,
    0x01,0x5f,0x01,0x0f,0x01,0x01,0x21,0x00,0x01,0x55,0x17,0xff,0x01,0x55,0x09,0x00,
    0x38,0x00,0x88,0x00,0x07,0x00,0x01,0x80,0x01,0xf5,0x13,0xff,0x01,0x57,0x01,0x03,
    0x01,0x01,0x15,0x00,0x01,0x01,0x01,0x0b,0x01,0x5f,0x11,0xff,0x07,0x00,0x01,0xfe,
    0x14,0xff,0x01,0x01,0x19,0x00,0x01,0x55,0x11,0xff,0x07,0x00,0x01,0x0a,0x01,0x77,
    0x13,0xff,0x01,0xf5,0x01,0x80,0x17,0x00,0x01,0xe0,0x01,0xfd,0x11,0xff,0x08,0x00,
    0x01,0x01,0x01,0x03,0x01,0x1f,0x01,0xff,0x01,0x7f,0x11,0xff,0x01,0xfd,0x01,0xf8,
    0x01,0xf0,0x01,0xe0,0x03,0xc0,0x01,0x80,0x01,0xc0,0x05,0x80,0x03,0xc0,0x01,0xe0,
    0x03,0xf0,0x01,0xfc,0x12,0xff,0x01,0x7f,0x01,0x3f,0x0c,0x00,0x01,0x01,0x01,0x03,
    0x01,0x07,0x01,0x0f,0x01,0x1f,0x01,0x3f,0x01,0x7f,0x2d,0xff,0x01,0x7f,0x01,0x3f,
    0x01,0x1f,0x01,0x0f,0x01,0x07,0x01,0x03,0x01,0x01,0x01,0x00,0x8e,0x00,0x04,0x80,
    0x01,0xc0,0x01,0x80,0x03,0xc0,0x01,0xe0,0x02,0xf0,0x01,0xf5,0x13,0xff,0x01,0x17,
    0x01,0x02,0x0a,0x00,0x01,0x55,0x15,0xff,0x06,0xe0,0x16,0xff,0x03,0x7f,0x01,0x3f,
    0x01,0x1f,0x01,0x0f,0x01,0x07,0x01,0x03,0x01,0x01,0x0d,0x00,0x01,0x55,0x1b,0xff,
    0x01,0x17,0x01,0x1f,0x01,0x5f,0x01,0xff,0x01,0x7f,0x0e,0xff,0x01,0xfe,0x01,0xfd,
    0x02,0xfc,0x01,0xf8,0x01,0xf0,0x01,0xe0,0x01,0xc0,0x11,0x00,0x01,0x55,0x15,0xff,
    0x06,0x01,0x04,0x00,0x01,0x01,0x01,0x03,0x01,0x1f,0x01,0x3f,0x01,0x7f,0x13,0xff,
    0x01,0xfd,0x01,0xf8,0x01,0xd0,0x01,0x80,0x0c,0x00,0x01,0x55,0x15,0xff,0x06,0xc0,
    0x08,0x00,0x01,0x01,0x01,0x03,0x01,0x17,0x01,0x3f,0x01,0x7f,0x13,0xff,0x01,0xfd,
    0x01,0xf8,0x01,0xd0,0x01,0x80,0x08,0x00,0x01,0x55,0x1b,0xff,0x54,0x00,0x0a,0x00,
    0x02,0x01,0x01,0x07,0x01,0x0f,0x01,0x5f,0x01,0xff,0x01,0x7f,0x10,0xff,0x01,0xfe,
    0x10,0xff,0x01,0x7f,0x01,0x3f,0x01,0x17,0x01,0x03,0x01,0x01,0x21,0x00,0x01,0x01,
    0x01,0x03,0x01,0x07,0x01,0x1f,0x01,0x7f,0x17,0xff,0x01,0x7f,0x01,0x3f,0x01,0x1f,
    0x01,0x0f,0x01,0x07,0x01,0x01,0x2c,0x00,0x01,0x55,0x14,0xff,0x01,0xab,0x01,0x01,
    0x31,0x00,0x01,0x55,0x14,0xff,0x01,0xaa,0x32,0x00,0x01,0x55,0x14,0xff,0x01,0xaa,
    0x1c,0x00,0x38,0x00,0x6a,0x00,0x21,0x00,0x01,0xa0,0x01,0xf4,0x0f,0xff,0x01,0x5f,
    0x01,0x0f,0x01,0x01,0x0f,0x00,0x01,0x01,0x01,0x03,0x01,0x17,0x01,0xbf,0x21,0x00,
    0x11,0xff,0x01,0x55,0x36,0x00,0x01,0x0b,0x01,0x5f,0x0f,0xff,0x01,0xf5,0x01,0x80,
    0x12,0x00,0x01,0x40,0x01,0xf8,0x22,0x00,0x01,0x01,0x01,0x03,0x01,0x17,0x01,0x3f,
    0x01,0x7f,0x0e,0xff,0x01,0xfe,0x01,0xfc,0x01,0xf8,0x03,0xf0,0x03,0xe0,0x01,0xf0,
    0x01,0xe0,0x03,0xf0,0x01,0xf8,0x01,0xfc,0x01,0xfe,0x02,0xff,0x27,0x00,0x02,0x01,
    0x02,0x07,0x01,0x0f,0x01,0x1f,0x01,0x3f,0x03,0x7f,0x01,0xff,0x01,0x7f,0x15,0xff,
    0x94,0x00,0x02,0xff,0x01,0x55,0x0c,0x00,0x01,0x80,0x01,0xc1,0x11,0xff,0x01,0x15,
    0x08,0x00,0x11,0xff,0x01,0x55,0x0a,0x00,0x01,0x80,0x03,0xff,0x07,0xfe,0x01,0xff,
    0x01,0xfe,0x0e,0xff,0x03,0x7f,0x01,0x3f,0x01,0x1f,0x01,0x07,0x01,0x01,0x0a,0x00,
    0x1f,0xff,0x01,0x57,0x04,0x07,0x01,0x0f,0x01,0x1f,0x01,0x3f,0x01,0x7f,0x0b,0xff,
    0x03,0xfd,0x01,0xf8,0x01,0xf0,0x01,0xe0,0x01,0xc0,0x01,0x80,0x0d,0x00,0x11,0xff,
    0x01,0x57,0x09,0x03,0x01,0x07,0x01,0x03,0x02,0xff,0x01,0x55,0x07,0x00,0x01,0x01,
    0x01,0x03,0x01,0x17,0x01,0x3f,0x01,0x7f,0x10,0xff,0x01,0xfc,0x01,0xf0,0x01,0xe0,
    0x09,0x00,0x11,0xff,0x01,0xf5,0x0a,0xf0,0x01,0xf8,0x02,0xff,0x01,0x55,0x0c,0x00,
    0x01,0x01,0x01,0x07,0x01,0x1f,0x01,0x5f,0x10,0xff,0x01,0xfe,0x01,0xf0,0x01,0xe0,
    0x01,0x40,0x04,0x00,0x1d,0xff,0x42,0x00,0x0c,0xff,0x01,0xfc,0x01,0xf8,0x01,0xfc,
    0x01,0xfe,0x0c,0xff,0x01,0x7f,0x01,0x3f,0x01,0x1f,0x01,0x0f,0x01,0x05,0x27,0x00,
    0x01,0x07,0x01,0x0f,0x01,0x1f,0x02,0x7f,0x13,0xff,0x01,0x5f,0x01,0x0f,0x01,0x07,
    0x01,0x03,0x01,0x01,0x2f,0x00,0x01,0x01,0x11,0xff,0x01,0x55,0x36,0x00,0x11,0xff,
    0x01,0x55,0x36,0x00,0x11,0xff,0x01,0x55,0x31,0x00,0x38,0x00,0x30,0x00,0x3e,0x00,
    0x01,0x40,0x01,0xe0,0x01,0xf4,0x01,0xfe,0x06,0xff,0x3d,0x00,0x01,0xa0,0x01,0xfd,
    0x09,0xff,0x3d,0x00,0x01,0x02,0x01,0x5f,0x09,0xff,0x3f,0x00,0x01,0x03,0x01,0x07,
    0x01,0x1f,0x01,0x5f,0x02,0x7f,0x03,0xff,0x44,0x00,0x03,0x01,0x01,0x03,0xac,0x00,
    0x0a,0xff,0x01,0x5f,0x07,0x0f,0x01,0x1f,0x01,0x0f,0x01,0x1f,0x01,0x3f,0x0b,0xff,
    0x01,0xfe,0x01,0x54,0x06,0x00,0x01,0xbb,0x0c,0xff,0x01,0x5f,0x07,0x0f,0x02,0x1f,
    0x01,0x5f,0x11,0xff,0x01,0xfd,0x06,0xfc,0x01,0xfe,0x01,0xfc,0x01,0xfe,0x0a,0xff,
    0x01,0x7f,0x01,0x3f,0x01,0x1f,0x01,0x0f,0x01,0x01,0x06,0x00,0x01,0xbb,0x0d,0xff,
    0x07,0xfe,0x09,0xff,0x01,0xef,0x0a,0xff,0x01,0x57,0x02,0x07,0x02,0x0f,0x01,0x1f,
    0x01,0x7f,0x09,0xff,0x02,0xfd,0x01,0xf1,0x01,0xf0,0x01,0xc0,0x01,0x80,0x09,0x00,
    0x01,0xbb,0x0c,0xff,0x01,0x57,0x07,0x03,0x01,0x07,0x01,0x03,0x01,0x07,0x01,0x0f,
    0x01,0xdf,0x0f,0xff,0x01,0x55,0x07,0x00,0x01,0x05,0x01,0x0f,0x01,0x1f,0x0c,0xff,
    0x01,0xf8,0x01,0xd0,0x01,0xc0,0x05,0x00,0x01,0xbb,0x0c,0xff,0x01,0xfd,0x08,0xfc,
    0x01,0xfe,0x08,0xff,0x0a,0x07,0x01,0x05,0x0b,0x00,0x01,0x01,0x0e,0x07,0x01,0x02,
    0x03,0x00,0x01,0x03,0x1b,0x07,0x01,0x03,0x01,0x07,0x01,0x03,0x1a,0x00,0x04,0xff,
    0x01,0x7f,0x01,0x3f,0x01,0x1f,0x01,0x0f,0x01,0x01,0x3f,0x00,0x01,0x1f,0x01,0x0f,
    0x01,0x07,0x02,0x01,0xff,0x00,0x1c,0x00,0x38,0x00,0x04,0x00,0xff,0x00,0x69,0x00,
    0xbc,0x00,0x03,0xc0,0x01,0x80,0x08,0x00,0x01,0x60,0x11,0xe0,0x03,0xc0,0x01,0x80,
    0x05,0x00,0x13,0xe0,0x02,0xc0,0x05,0x00,0x01,0x60,0x06,0xe0,0x01,0x7f,0x04,0xff,
    0x01,0xfe,0x01,0xfc,0x01,0xe0,0x04,0x00,0x01,0x77,0x07,0xff,0x01,0xd7,0x04,0xc7,
    0x01,0xe7,0x01,0xd7,0x07,0xff,0x01,0x5d,0x04,0x00,0x08,0xff,0x01,0xef,0x04,0xe7,
    0x01,0xf7,0x05,0xff,0x02,0x7f,0x01,0x1f,0x01,0x0e,0x04,0x00,0x01,0x01,0x01,0x03,
    0x01,0x17,0x01,0x3f,0x01,0x7f,0x01,0xff,0x01,0xf7,0x06,0xff,0x01,0x3f,0x01,0x05,
    0x03,0x00,0x01,0x77,0x07,0xff,0x01,0x5f,0x01,0x0f,0x01,0x1f,0x01,0x3f,0x01,0x7f,
    0x05,0xff,0x01,0xf7,0x01,0xf3,0x01,0xc1,0x01,0x80,0x05,0x00,0x08,0xff,0x01,0xef,
    0x05,0x07,0x01,0x8f,0x01,0xdf,0x06,0xff,0x01,0xfe,0x01,0x54,0x09,0x00,0x03,0x1f,
    0x01,0x0f,0x01,0x07,0x01,0x03,0x01,0x01,0x05,0x00,0x01,0x37,0x07,0x3f,0x01,0x15,
    0x03,0x00,0x01,0x01,0x01,0x03,0x01,0x17,0x07,0x3f,0x01,0x3d,0x01,0x38,0x01,0x30,
    0x02,0x00,0x13,0x3f,0x02,0x1f,0x01,0x17,0x01,0x07,0x01,0x01,0x51,0x00,0x04,0x00,
    0xff,0x00,0x69,0x00,0x10,0x00,0x62,0x00,0x5b,0x00,0x06,0xc0,0x01,0x80,0x01,0x00,
    0x01,0x80,0x07,0xc0,0x01,0x80,0x01,0x40,0x07,0xc0,0x01,0x40,0x01,0x00,0x01,0x40,
    0x02,0xc0,0x01,0x80,0x01,0x00,0x01,0x80,0x02,0xc0,0x01,0x40,0x22,0x00,0x02,0x1f,
    0x01,0x7f,0x01,0x75,0x01,0x60,0x01,0x71,0x02,0x7f,0x01,0x3f,0x01,0x15,0x01,0x2a,
    0x02,0x7f,0x01,0x57,0x01,0x0e,0x01,0x5f,0x01,0x7f,0x01,0x77,0x01,0x63,0x01,0x55,
    0x03,0x7f,0x01,0x77,0x01,0x66,0x01,0x77,0x01,0x7f,0x01,0x75,0x02,0x00,0x01,0x01,
    0x01,0x57,0x03,0x7f,0x01,0x57,0x01,0x03,0xa2,0x00,0xff,0x03,0x04,0x00,0xff,0xff,
    0x69,0xff,0x04,0x00,0xff,0xff,0x69,0xff,0x04,0x00,0xff,0xff,0x69,0xff,0x04,0x00,
    0xff,0xff,0x69,0xff,0x04,0x00,0xff,0xff,0x69,0xff,0x04,0x00,0xff,0xff,0x69,0xff,
    0x04,0x00,0xff,0xff,0x69,0xff,0x04,0x00,0xff,0xff,0x69,0xff,0x04,0x00,0xff,0xff,
    0x69,0xff,0x04,0x00,0xff,0xff,0x69,0xff,0x00,0x00,0xff,0x03,0x04,0x00,0xff,0x00,
    0x69,0x00,0x04,0x00,0xff,0x00,0x69,0x00,0x04,0x00,0xff,0x00,0x69,0x00,0x04,0x00,
    0xff,0x00,0x69,0x00,0x92,0x01,0x01,0x77,0x01,0xff,0x01,0x5d,0x01,0x0f,0x01,0x01,
    0x12,0x00,0x01,0x80,0x01,0x40,0x01,0xa0,0x01,0x80,0x01,0xc0,0x01,0x50,0x01,0xf0,
    0x01,0x70,0x01,0x60,0x01,0x10,0x02,0x00,0x01,0xa8,0x01,0x14,0x01,0x38,0x01,0x50,
    0x01,0x20,0x01,0x50,0x01,0x20,0x02,0xf8,0x01,0x40,0x02,0x00,0x01,0x80,0x12,0x00,
    0x01,0x01,0x01,0x03,0x01,0x17,0x01,0x3f,0x01,0x5d,0x01,0xff,0x01,0x17,0x11,0x00,
    0x01,0x1c,0x01,0x2c,0x01,0x44,0x01,0x60,0x01,0x40,0x01,0xe0,0x01,0xc5,0x01,0xcb,
    0x01,0xd5,0x01,0x2f,0x01,0x57,0x01,0xff,0x01,0x55,0x01,0xbe,0x01,0x77,0x01,0x3a,
    0x01,0x55,0x01,0x0a,0x01,0x51,0x01,0xbb,0x01,0x57,0x01,0x2c,0x01,0x7d,0x01,0xfe,
    0x01,0xf5,0x01,0xf9,0x01,0x75,0x01,0xbe,0x01,0xd5,0x01,0xc1,0x01,0x55,0x01,0x27,
    0x01,0x45,0x01,0xe0,0x01,0x10,0x11,0x00,0x01,0x01,0x01,0x0f,0x10,0x00,0x01,0x01,
    0x01,0x84,0x01,0x10,0x01,0x06,0x01,0x17,0x01,0x7e,0x01,0x55,0x01,0xbb,0x01,0xff,
    0x01,0xbf,0x01,0x5d,0x01,0xee,0x01,0x57,0x01,0xbf,0x04,0xff,0x01,0xdf,0x01,0x9f,
    0x01,0x5d,0x01,0xff,0x01,0xfc,0x01,0xff,0x01,0xfd,0x01,0xbe,0x01,0xf5,0x01,0xec,
    0x01,0x54,0x01,0xe3,0x01,0xf1,0x01,0xf7,0x01,0x57,0x01,0xa6,0x01,0x75,0x01,0xe3,
    0x01,0x05,0x01,0x18,0x01,0x14,0x11,0x00,0x01,0x75,0x01,0x80,0x0e,0x00,0x01,0x11,
    0x01,0x0a,0x01,0x74,0x01,0xe8,0x01,0x1f,0x01,0xaf,0x01,0xc7,0x01,0xe7,0x01,0x57,
    0x01,0x3e,0x01,0x15,0x01,0x3f,0x01,0x5f,0x01,0xaf,0x01,0x57,0x01,0xfe,0x04,0xff,
    0x01,0xf7,0x01,0xfb,0x01,0x55,0x01,0x9f,0x01,0xdf,0x01,0xbf,0x01,0xd7,0x01,0x2f,
    0x01,0x41,0x01,0x2c,0x01,0x54,0x01,0xd0,0x01,0xd4,0x01,0xf0,0x01,0x55,0x01,0x6b,
    0x01,0x7d,0x01,0x3b,0x01,0x18,0x01,0x00,0x01,0x01,0x0d,0x00,0x01,0x40,0x01,0xf8,
    0x01,0x77,0x01,0xff,0x01,0xdc,0x01,0xf0,0x01,0x40,0x0f,0x00,0x01,0x01,0x01,0x0b,
    0x01,0x1d,0x01,0x3f,0x01,0x35,0x01,0x20,0x01,0x54,0x01,0xe6,0x01,0x77,0x01,0x1f,
    0x01,0xd7,0x01,0xa3,0x01,0x47,0x01,0x33,0x01,0x75,0x01,0x7f,0x01,0x79,0x01,0xb3,
    0x01,0xd5,0x01,0x8f,0x01,0x15,0x01,0xbd,0x01,0xfd,0x01,0xfb,0x01,0xff,0x01,0x0a,
    0x01,0x10,0x01,0x1f,0x01,0x15,0x01,0x01,0x02,0x00,0x01,0x01,0x0e,0x00,0x01,0xc0,
    0x01,0x70,0x01,0xf8,0x01,0xdd,0x01,0xff,0x04,0x00,0xff,0x00,0x69,0x00,0x04,0x00,
    0xff,0x00,0x69,0x00,0x04,0x00,0xff,0x00,0x69,0x00,0x04,0x00,0xff,0x00,0x69,0x00,
    0x04,0x00,0xff,0x00,0x69,0x00,0x92,0x00,0xee,0x00,0xe5,0x00,0x01,0x80,0x01,0x00,
    0x01,0x80,0x01,0x40,0x01,0xc0,0x01,0x40,0x01,0xc0,0x01,0x40,0x01,0xe0,0x01,0x50,
    0x01,0xe0,0x01,0x70,0x01,0xf0,0x01,0x50,0x01,0xf0,0x01,0x70,0x01,0xf0,0x01,0x50,
    0x01,0xf0,0x01,0x70,0x01,0xf0,0x01,0x50,0x01,0xf8,0x01,0x70,0x01,0xf0,0x01,0x50,
    0x01,0xf0,0x01,0x70,0x01,0xf0,0x01,0x50,0x01,0xf0,0x01,0x70,0x01,0xf0,0x01,0x50,
    0x01,0xe0,0x01,0x70,0x01,0xe0,0x01,0x40,0x01,0xe0,0x01,0x40,0x01,0xc0,0x01,0x40,
    0x01,0xc0,0x01,0x40,0x01,0x80,0x0e,0x00,0x01,0x40,0x01,0xe0,0x01,0x50,0x01,0xf0,
    0x01,0x70,0x01,0xf8,0x01,0x54,0x01,0xfc,0x01,0x74,0x01,0xfe,0x01,0x55,0x01,0xff,
    0x01,0x77,0x01,0xff,0x01,0x55,0x01,0xff,0x01,0x77,0x01,0x7f,0x01,0x55,0x01,0x3f,
    0x01,0x77,0x01,0x3f,0x01,0x15,0x01,0x3f,0x01,0x17,0x01,0x3f,0x01,0x15,0x01,0x1f,
    0x01,0x17,0x01,0x1f,0x01,0x15,0x01,0x0f,0x01,0x17,0x01,0x0f,0x01,0x15,0x01,0x0f,
    0x01,0x17,0x01,0x0f,0x01,0x15,0x01,0x0f,0x01,0x17,0x01,0x1f,0x01,0x15,0x01,0x1f,
    0x01,0x17,0x01,0x1f,0x01,0x15,0x01,0x3f,0x01,0x17,0x01,0x3f,0x01,0x55,0x01,0x3f,
    0x01,0x77,0x01,0x7f,0x01,0x55,0x01,0xff,0x01,0x77,0x01,0xff,0x01,0x55,0x01,0xff,
    0x01,0x77,0x01,0xfe,0x01,0x54,0x01,0xfe,0x01,0x74,0x01,0xf8,0x01,0x54,0x01,0xf8,
    0x01,0x70,0x01,0xe0,0x01,0x40,0x01,0xc0,0xb0,0x01,0x0a,0x00,0x01,0x40,0x01,0x80,
    0x01,0xc0,0x01,0x80,0x01,0x00,0x01,0x80,0x01,0x40,0x01,0xe8,0x01,0xf7,0x01,0xfe,
    0x01,0x7d,0x01,0xfe,0x02,0xff,0x01,0xf7,0x03,0xff,0x01,0x77,0x03,0xff,0x01,0x77,
    0x03,0x7f,0x01,0x77,0x02,0x7f,0x01,0xff,0x01,0xf7,0x03,0xff,0x01,0xf7,0x03,0xff,
    0x01,0x77,0x02,0xff,0x01,0xfe,0x01,0x7c,0x01,0xf8,0x01,0xf4,0x01,0xd0,0x01,0x50,
    0x15,0x00,0x01,0x40,0x01,0x80,0x02,0x00,0x01,0x05,0x01,0x09,0x01,0x71,0x01,0xf8,
    0x01,0xfd,0x01,0xff,0x01,0x77,0x03,0xff,0x01,0x77,0x03,0xff,0x01,0x77,0x01,0xbf,
    0x01,0x57,0x01,0x1b,0x01,0x45,0x01,0xa1,0x01,0x5d,0x01,0x9c,0x01,0x45,0x01,0x08,
    0x01,0x05,0x01,0x20,0x01,0x01,0x01,0x0b,0x01,0x51,0x01,0x03,0x01,0x11,0x01,0x99,
    0x01,0x1d,0x01,0x1f,0x01,0x57,0x01,0x1f,0x01,0x5f,0x01,0xff,0x01,0x77,0x03,0xff,
    0x01,0x77,0x03,0xff,0x01,0x77,0x01,0xfe,0x01,0xf5,0x01,0x80,0x01,0x14,0x13,0x00,
    0x01,0x04,0x01,0x00,0x01,0x40,0x01,0x02,0x01,0x7f,0x03,0xff,0x01,0x77,0x03,0xff,
    0x01,0x7f,0x02,0xff,0x01,0x9a,0x01,0x19,0x01,0x0b,0x01,0x55,0x01,0xba,0x01,0x5f,
    0x01,0xbb,0x01,0x77,0x01,0xbf,0x01,0x75,0x01,0xff,0x01,0x5d,0x01,0x1b,0x01,0x15,
    0x01,0x2e,0x01,0x5d,0x01,0xfc,0x01,0x7c,0x01,0xfc,0x01,0xf1,0x01,0xec,0x01,0x15,
    0x01,0x8e,0x01,0x84,0x01,0x98,0x01,0x19,0x03,0xff,0x01,0xf7,0x03,0xff,0x01,0x77,
    0x03,0xff,0x01,0x14,0x01,0x08,0x01,0x64,0x01,0x06,0x01,0x04,0x0f,0x00,0x01,0x04,
    0x01,0x20,0x02,0x00,0x01,0x15,0x01,0xff,0x01,0x7f,0x01,0xff,0x01,0x77,0x03,0xff,
    0x01,0xf7,0x03,0xff,0x01,0xf5,0x01,0xf3,0x01,0xd1,0x01,0xfb,0x01,0xd5,0x01,0xeb,
    0x01,0xf5,0x01,0xff,0x01,0xd5,0x01,0xf8,0x01,0x5c,0x01,0x6e,0x01,0x54,0x01,0x30,
    0x01,0x17,0x01,0x1f,0x01,0x15,0x01,0xb7,0x01,0xdf,0x01,0xee,0x01,0x75,0x01,0xfb,
    0x01,0xfd,0x01,0xfe,0x01,0x7f,0x03,0xff,0x01,0x77,0x03,0xff,0x01,0x77,0x01,0x3f,
    0x01,0x1f,0x01,0xb3,0x01,0x14,0x01,0x00,0x01,0x11,0x02,0x00,0x01,0x08,0x0e,0x00,
    0x01,0x05,0x01,0x0c,0x01,0x44,0x01,0x28,0x01,0x05,0x01,0x00,0x01,0x05,0x01,0xc8,
    0x01,0x77,0x01,0x37,0x01,0x1f,0x01,0x3f,0x01,0x77,0x01,0x7f,0x02,0xff,0x01,0x77,
    0x0a,0xff,0x01,0xfe,0x04,0xff,0x01,0x77,0x07,0xff,0x01,0xf7,0x01,0xff,0x01,0x7f,
    0x01,0x3f,0x01,0x57,0x01,0x3f,0x01,0x77,0x01,0x63,0x01,0x57,0x01,0x26,0x01,0x14,
    0x01,0x38,0x01,0x15,0x02,0x07,0x01,0x02,0x08,0x00,0xe0,0x00,0x02,0x07,0x01,0x05,
    0x01,0x0f,0x01,0x17,0x01,0x1f,0x01,0x15,0x01,0x3f,0x01,0x77,0x01,0x7f,0x01,0x55,
    0x01,0xff,0x01,0x77,0x01,0xff,0x01,0x55,0x01,0xff,0x01,0x77,0x01,0xfe,0x01,0x55,
    0x01,0xfe,0x01,0x74,0x01,0xfe,0x01,0x54,0x01,0xfc,0x01,0x74,0x01,0xf8,0x01,0x54,
    0x01,0xf8,0x01,0x70,0x01,0xf8,0x01,0x50,0x01,0xf8,0x01,0x70,0x01,0xf8,0x01,0x50,
    0x01,0xf8,0x01,0x70,0x01,0xf8,0x01,0x50,0x01,0xf8,0x01,0x70,0x01,0xf8,0x01,0x50,
    0x01,0xf8,0x01,0x74,0x01,0xf8,0x01,0x54,0x01,0xfc,0x01,0x74,0x01,0xfc,0x01,0x54,
    0x01,0xfe,0x01,0x74,0x01,0xfe,0x01,0x55,0x01,0xff,0x01,0x77,0x01,0xff,0x01,0x55,
    0x01,0xff,0x01,0x77,0x01,0xff,0x01,0x55,0x01,0x3f,0x01,0x37,0x01,0x3f,0x01,0x15,
    0x01,0x0f,0x01,0x17,0x01,0x07,0x01,0x05,0x01,0x03,0x0c,0x00,0x05,0x01,0x01,0x03,
    0x01,0x05,0x01,0x03,0x02,0x07,0x01,0x05,0x02,0x07,0x01,0x0f,0x01,0x05,0x01,0x0f,
    0x01,0x17,0x01,0x0f,0x01,0x15,0x01,0x0f,0x01,0x17,0x01,0x0f,0x01,0x15,0x01,0x0f,
    0x01,0x17,0x01,0x0f,0x01,0x15,0x01,0x0f,0x01,0x17,0x01,0x0f,0x01,0x15,0x01,0x0f,
    0x01,0x07,0x01,0x0f,0x01,0x05,0x01,0x0f,0x02,0x07,0x01,0x05,0x02,0x07,0x01,0x03,
    0x01,0x01,0x01,0x03,0x03,0x01,0x01,0x00,0x01,0x01,0xe3,0x00,0xba,0x00,0xf8,0x00,
    0x1f,0x00,0x01,0x80,0x01,0x00,0x01,0x80,0x01,0x00,0x01,0x80,0x01,0x00,0x01,0x80,
    0x01,0x00,0x01,0x80,0x21,0x00,0x01,0x80,0x01,0x40,0x01,0xc0,0x01,0x40,0x01,0xe0,
    0x01,0x50,0x01,0xf0,0x01,0x70,0x01,0xf0,0x01,0x50,0x01,0xf8,0x01,0x74,0x01,0xf8,
    0x01,0x54,0x01,0xfc,0x01,0x74,0x01,0xfe,0x01,0x54,0x01,0xfe,0x01,0x77,0x01,0xfe,
    0x01,0x55,0x01,0xfe,0x01,0x77,0x01,0xff,0x01,0x55,0x01,0xff,0x01,0x77,0x01,0xff,
    0x01,0x55,0x01,0xff,0x01,0x77,0x01,0x7f,0x01,0x55,0x01,0xff,0x01,0x77,0x01,0x7f,
    0x01,0x55,0x01,0xff,0x01,0x77,0x01,0xff,0x01,0x55,0x01,0xff,0x01,0x77,0x01,0xff,
    0x01,0x55,0x01,0xff,0x01,0x77,0x01,0xfe,0x01,0x55,0x01,0xfe,0x01,0x77,0x01,0xfe,
    0x01,0x54,0x01,0xfc,0x01,0x74,0x01,0xfc,0x01,0x54,0x01,0xf8,0x01,0x70,0x01,0xf8,
    0x01,0x50,0x01,0xf0,0x01,0x70,0x01,0xe0,0x01,0x50,0x01,0xe0,0x01,0x40,0x01,0xc0,
    0x01,0x40,0x01,0x80,0x01,0x77,0x01,0x7f,0x01,0x55,0x01,0x3f,0x01,0x37,0x01,0x3f,
    0x01,0x15,0x01,0x1f,0x01,0x17,0x01,0x0f,0x01,0x05,0x02,0x07,0x01,0x03,0x01,0x05,
    0x01,0x03,0x01,0x01,0x01,0x03,0x05,0x01,0x01,0x00,0x01,0x01,0x15,0x00,0x01,0x01,
    0x01,0x00,0x05,0x01,0x01,0x03,0x01,0x01,0x03,0x03,0x01,0x05,0x02,0x07,0x01,0x0f,
    0x01,0x05,0x01,0x0f,0x01,0x17,0x01,0x1f,0x01,0x15,0x01,0x3f,0x01,0x77,0x01,0x7f,
    0x01,0x55,0x01,0xff,0x01,0x01,0x8f,0x00,0x6c,0x00,0x3e,0x00,0x01,0x50,0x01,0xfe,
    0x01,0x77,0x01,0xff,0x01,0x55,0x01,0xff,0x01,0x77,0x01,0xff,0x01,0x55,0x01,0x03,
    0x3d,0x00,0x01,0x20,0x01,0x55,0x01,0xff,0x01,0x77,0x01,0xff,0x01,0x55,0x01,0xff,
    0x01,0x77,0x01,0xbf,0x01,0x01,0x3e,0x00,0x01,0xba,0x01,0x55,0x01,0xff,0x01,0x77,
    0x01,0xff,0x01,0x55,0x01,0xff,0x01,0x77,0x01,0x22,0x3f,0x00,0x01,0x02,0x01,0x55,
    0x01,0xff,0x01,0x77,0x01,0xff,0x01,0x55,0x01,0xff,0x01,0x77,0x01,0xfa,0x01,0x40,
    0x3f,0x00,0x01,0x05,0x01,0xbf,0x01,0x77,0x01,0xff,0x01,0x55,0x01,0xff,0x01,0x77,
    0x01,0xff,0x01,0x55,0x01,0x80,0xaa,0x02,0x01,0x77,0x01,0xff,0x01,0xfd,0x01,0xff,
    0x01,0x77,0x01,0x3f,0x01,0x05,0x02,0x01,0x04,0x00,0x01,0x20,0x01,0x40,0x01,0x41,
    0x01,0x11,0x01,0x12,0x01,0x01,0x01,0x00,0x01,0x57,0x01,0x26,0x01,0x57,0x01,0x66,
    0x01,0x10,0x01,0x00,0x01,0x54,0x01,0x60,0x01,0x14,0x01,0x08,0x01,0x40,0x01,0xc0,
    0x01,0x17,0x01,0x02,0x01,0x40,0x01,0x00,0x01,0x40,0x01,0x80,0x01,0x47,0x01,0x66,
    0x01,0x41,0x01,0x20,0x01,0x74,0x01,0x30,0x01,0x10,0x01,0x02,0x01,0x74,0x01,0x20,
    0x01,0x04,0x02,0x00,0x01,0x88,0x01,0xd1,0x01,0x20,0x01,0x50,0x01,0x78,0x01,0x51,
    0x01,0x00,0x01,0x01,0x01,0x08,0x01,0x00,0x01,0x08,0x01,0x11,0x01,0x00,0x01,0x01,
    0x01,0x23,0x01,0x1d,0x01,0x3f,0x01,0x77,0x01,0xff,0x01,0xdd,0x01,0xff,0x01,0x77,
    0x01,0xff,0x01,0x57,0x01,0x03,0x01,0x10,0x01,0x00,0x01,0x04,0x01,0x0c,0x01,0x50,
    0x02,0x00,0x01,0x02,0x01,0x10,0x01,0x30,0x01,0x50,0x01,0x60,0x01,0x71,0x01,0x20,
    0x01,0x04,0x01,0x08,0x01,0x1c,0x01,0x08,0x01,0xc1,0x01,0x82,0x01,0x10,0x01,0x08,
    0x01,0x51,0x01,0x80,0x01,0x07,0x01,0x2e,0x01,0x44,0x01,0x02,0x01,0x05,0x01,0x02,
    0x01,0x10,0x03,0x00,0x01,0x04,0x01,0x48,0x03,0x00,0x01,0x0e,0x01,0x05,0x01,0x0a,
    0x01,0x51,0x01,0x00,0x01,0x05,0x01,0x6f,0x01,0x53,0x01,0x18,0x01,0x11,0x01,0x00,
    0x01,0x11,0x01,0x00,0x01,0xc0,0x01,0x88,0x01,0x51,0x01,0x40,0x01,0x05,0x02,0x00,
    0x01,0x80,0x01,0x50,0x01,0x20,0x01,0x14,0x01,0x80,0x01,0x05,0x01,0x3f,0x01,0xdd,
    0x01,0xff,0x01,0x77,0x01,0xff,0x01,0x00,0x02,0x04,0x01,0x18,0x01,0x58,0x01,0x28,
    0x01,0x10,0x01,0x82,0x01,0x41,0x01,0xc1,0x01,0x13,0x01,0x33,0x01,0x71,0x01,0xe0,
    0x01,0x40,0x01,0xc0,0x01,0x54,0x01,0x30,0x01,0x15,0x01,0x10,0x01,0x35,0x01,0x81,
    0x01,0x74,0x01,0x72,0x01,0x47,0x01,0xcb,0x01,0x55,0x01,0xee,0x01,0x55,0x01,0xec,
    0x01,0x77,0x01,0x7b,0x01,0x51,0x01,0x6a,0x01,0x71,0x01,0x80,0x01,0x5c,0x01,0xfa,
    0x01,0xd4,0x01,0x88,0x01,0xdc,0x01,0xf8,0x01,0xd1,0x01,0x98,0x01,0x5c,0x01,0x08,
    0x01,0x14,0x01,0x18,0x01,0x50,0x01,0x30,0x01,0x10,0x01,0x20,0x01,0x01,0x01,0x00,
    0x01,0x01,0x01,0x83,0x01,0x05,0x01,0x8c,0x01,0x15,0x01,0x0c,0x01,0x1c,0x01,0x09,
    0x01,0x01,0x01,0x00,0x01,0x01,0x01,0x19,0x01,0x01,0x01,0xa0,0x01,0xfd,0x01,0xff,
    0x01,0x77,0x01,0xff,0x01,0xd5,0x01,0x80,0x01,0x01,0x01,0x00,0x01,0x04,0x01,0x8c,
    0x01,0x14,0x01,0x10,0x02,0x00,0x01,0x45,0x01,0x6e,0x01,0x54,0x01,0x00,0x02,0x01,
    0x01,0x11,0x01,0x80,0x01,0x1c,0x01,0x28,0x01,0x00,0x01,0x0d,0x01,0x1d,0x01,0xb0,
    0x01,0x41,0x01,0x8a,0x01,0x14,0x01,0x3e,0x01,0x7c,0x01,0xe6,0x01,0x05,0x01,0x80,
    0x01,0x60,0x01,0xe0,0x01,0x40,0x01,0x00,0x01,0x01,0x01,0xa2,0x01,0x77,0x01,0x7b,
    0x01,0x5f,0x01,0xff,0x01,0x77,0x01,0x65,0x01,0x40,0x01,0x50,0x01,0x54,0x01,0x8e,
    0x01,0x34,0x01,0x80,0x01,0x40,0x02,0x00,0x01,0x38,0x01,0x7b,0x01,0x03,0x01,0x17,
    0x01,0x0a,0x03,0x00,0x01,0x10,0x01,0x55,0x01,0x2a,0x01,0x47,0x01,0x20,0x01,0x40,
    0x01,0xfa,0x01,0xdd,0x01,0xff,0x01,0x77,0x01,0xff,0x01,0xfd,0x01,0xff,0x01,0x75,
    0x01,0xf8,0x01,0xd4,0x01,0x8e,0x02,0x04,0x01,0x00,0x01,0x0b,0x01,0x1f,0x01,0x2a,
    0x01,0x00,0x01,0x18,0x01,0x1c,0x01,0x18,0x01,0x1d,0x01,0xbe,0x01,0x03,0x01,0x30,
    0x01,0x75,0x01,0x08,0x01,0x51,0x01,0x89,0x01,0x11,0x01,0xc0,0x01,0x5f,0x01,0x3e,
    0x01,0x5f,0x01,0x38,0x01,0x51,0x01,0xa3,0x01,0xc5,0x01,0x8b,0x01,0x05,0x01,0x82,
    0x01,0xc5,0x01,0xa3,0x01,0x01,0x01,0xc0,0x01,0x45,0x01,0x23,0x01,0x35,0x01,0x31,
    0x01,0x44,0x01,0xef,0x01,0x47,0x01,0x03,0x01,0x05,0x01,0x20,0x01,0x11,0x01,0x22,
    0x01,0x00,0x01,0x08,0x01,0x10,0x01,0x20,0x01,0x00,0x01,0x80,0x01,0x10,0x02,0x00,
    0x01,0x80,0x01,0xc0,0x01,0xe2,0x01,0xd7,0x01,0xfe,0x01,0x77,0x01,0xff,0x01,0xfd,
    0x01,0xff,0x68,0x00,0x01,0x05,0x01,0x3f,0x01,0x55,0x01,0xff,0x01,0x77,0x01,0xff,
    0x01,0x55,0x01,0xff,0x01,0x75,0x01,0xa0,0x40,0x00,0x01,0x55,0x01,0xff,0x01,0x77,
    0x01,0xff,0x01,0x55,0x01,0xff,0x01,0x77,0x01,0xff,0x01,0x54,0x3f,0x00,0x01,0x55,
    0x01,0xff,0x01,0x77,0x01,0xff,0x01,0x55,0x01,0xff,0x01,0x77,0x01,0xff,0x01,0x55,
    0x3f,0x00,0x01,0x55,0x01,0xff,0x01,0x77,0x01,0xff,0x01,0x55,0x01,0xff,0x01,0x77,
    0x01,0xff,0x01,0x15,0x3d,0x00,0x01,0x50,0x01,0xfa,0x01,0x55,0x01,0xff,0x01,0x77,
    0x01,0xff,0x01,0x55,0x01,0xff,0x01,0x57,0x01,0x03,0x3e,0x00,0x08,0x01,0x90,0x00,
    0x01,0x77,0x01,0xfe,0x01,0x54,0x01,0xfe,0x01,0x74,0x01,0xf8,0x01,0x54,0x01,0xf8,
    0x01,0x70,0x01,0xf0,0x01,0x50,0x01,0xe0,0x01,0x70,0x01,0xe0,0x01,0x40,0x01,0xc0,
    0x01,0x40,0x01,0x80,0x01,0x40,0x01,0x80,0x01,0x00,0x01,0x80,0x01,0x00,0x01,0x80,
    0x1b,0x00,0x01,0x80,0x01,0x00,0x01,0x80,0x01,0x40,0x01,0xc0,0x01,0x40,0x01,0xe0,
    0x01,0x40,0x01,0xe0,0x01,0x70,0x01,0xf0,0x01,0x50,0x01,0xf8,0x01,0x70,0x01,0xf8,
    0x01,0x54,0x01,0xfc,0x01,0x74,0x01,0xfe,0x01,0x55,0x01,0xff,0x01,0x01,0x01,0x03,
    0x01,0x01,0x01,0x03,0x02,0x07,0x01,0x05,0x01,0x0f,0x01,0x17,0x01,0x0f,0x01,0x15,
    0x01,0x1f,0x01,0x17,0x01,0x3f,0x01,0x15,0x01,0x3f,0x01,0x77,0x01,0x3f,0x01,0x55,
    0x01,0x7f,0x01,0x77,0x01,0x7f,0x01,0x55,0x01,0xff,0x01,0x77,0x01,0xff,0x01,0x55,
    0x01,0xff,0x01,0x77,0x01,0xff,0x01,0x55,0x01,0xfe,0x01,0x77,0x01,0xfe,0x01,0x55,
    0x01,0xfe,0x01,0x77,0x01,0xfe,0x01,0x55,0x01,0xfe,0x01,0x77,0x01,0xff,0x01,0x55,
    0x01,0xfe,0x01,0x77,0x01,0xff,0x01,0x55,0x01,0xff,0x01,0x77,0x01,0xff,0x01,0x55,
    0x01,0x7f,0x01,0x77,0x01,0x7f,0x01,0x55,0x01,0x3f,0x01,0x37,0x01,0x3f,0x01,0x15,
    0x01,0x1f,0x01,0x17,0x01,0x1f,0x01,0x15,0x01,0x0f,0x02,0x07,0x01,0x05,0x02,0x07,
    0x01,0x03,0x02,0x01,0x1a,0x00,0x01,0x01,0x01,0x00,0x01,0x01,0x01,0x00,0x01,0x01,
    0x01,0x00,0x03,0x01,0x01,0x00,0x03,0x01,0x01,0x00,0x01,0x01,0x01,0x00,0x01,0x01,
    0x01,0x00,0x01,0x01,0x1b,0x00,0xff,0x01,0x3a,0x00,0xd5,0x00,0x01,0xc0,0x01,0x50,
    0x01,0xf8,0x3e,0x00,0x01,0x40,0x01,0xe0,0x01,0x50,0x01,0xf8,0x01,0x54,0x01,0xff,
    0x01,0x55,0x01,0xff,0x01,0x55,0x01,0x3f,0x39,0x00,0x01,0xe0,0x01,0x50,0x01,0xf8,
    0x01,0x55,0x01,0xff,0x01,0x55,0x01,0xff,0x01,0x55,0x01,0x3f,0x01,0x15,0x01,0x07,
    0x01,0x01,0x03,0x00,0xc0,0x00,0x01,0x01,0x45,0x00,0x01,0x01,0xa6,0x00,0x03,0x80,
    0x01,0x40,0x01,0x80,0x02,0xc0,0x01,0x40,0x03,0xc0,0x01,0x40,0x01,0xe0,0x01,0xc0,
    0x01,0xe0,0x01,0x40,0x01,0xe0,0x02,0xc0,0x01,0x40,0x03,0xc0,0x01,0x40,0x01,0x80,
    0x01,0xc0,0x01,0x80,0x01,0x40,0x01,0x80,0x01,0x00,0x01,0x80,0x15,0x00,0x01,0x80,
    0x02,0xc0,0x01,0x40,0x01,0xe0,0x01,0xd0,0x01,0xf0,0x01,0x70,0x01,0xf8,0x01,0xdc,
    0x01,0xfc,0x01,0x74,0x01,0xfe,0x01,0xdc,0x01,0xfe,0x01,0x77,0x01,0xff,0x01,0xdd,
    0x01,0xff,0x01,0x77,0x01,0xff,0x01,0xdd,0x01,0xff,0x01,0x77,0x01,0xff,0x01,0x5d,
    0x01,0x7f,0x01,0x77,0x01,0x7f,0x01,0x5d,0x01,0x7f,0x01,0x77,0x01,0x7f,0x01,0x5d,
    0x01,0x7f,0x01,0x77,0x01,0x3f,0x01,0x5d,0x01,0x7f,0x01,0x77,0x01,0x7f,0x01,0x5d,
    0x01,0x7f,0x01,0x77,0x01,0x7f,0x01,0x5d,0x01,0xff,0x01,0x77,0x01,0xff,0x01,0xdd,
    0x01,0xff,0x01,0x77,0x01,0xff,0x01,0xdd,0x01,0xfe,0x01,0x77,0x01,0xfe,0x01,0xdc,
    0x01,0xfc,0x01,0x74,0x01,0xf8,0x01,0xd0,0x01,0xf8,0x01,0x70,0x01,0xe0,0x02,0xc0,
    0x01,0x40,0x01,0x80,0x02,0x00,0x40,0x00,0x90,0x00,0x01,0x50,0x01,0xe0,0x01,0x40,
    0x01,0x80,0x44,0x00,0x01,0x15,0x01,0x3f,0x01,0x55,0x01,0xff,0x01,0x55,0x01,0xfe,
    0x01,0x54,0x01,0xf8,0x01,0x50,0x01,0x80,0x40,0x00,0x01,0x01,0x01,0x03,0x01,0x05,
    0x01,0x0f,0x01,0x55,0x01,0xff,0x01,0x55,0x01,0xff,0x01,0x55,0x01,0xfe,0x01,0x54,
    0x01,0xf0,0x01,0x40,0x01,0x80,0x38,0x00,0x5c,0x00,0x2a,0x00,0x01,0x54,0x01,0xff,
    0x01,0x55,0x01,0xff,0x01,0x55,0x01,0xff,0x01,0x55,0x01,0x2b,0x3f,0x00,0x01,0xa2,
    0x01,0x55,0x01,0xff,0x01,0x55,0x01,0xff,0x01,0x55,0x01,0xff,0x01,0x55,0x40,0x00,
    0x01,0xbb,0x01,0x55,0x01,0xff,0x01,0x55,0x01,0xff,0x01,0x55,0x01,0xff,0x01,0x55,
    0x40,0x00,0x01,0x23,0x01,0x55,0x01,0xff,0x01,0x55,0x01,0xff,0x01,0x55,0x01,0xff,
    0x01,0x55,0x41,0x00,0x01,0x55,0x01,0xff,0x01,0x55,0x01,0xff,0x01,0x55,0x01,0xff,
    0x01,0x55,0x01,0xf0,0x16,0x00,0x28,0x02,0x08,0x00,0x01,0x10,0x01,0x00,0x01,0x10,
    0x01,0x04,0x04,0x00,0x01,0x11,0x01,0x28,0x01,0xc1,0x01,0xfa,0x01,0x75,0x01,0xf8,
    0x02,0xfc,0x01,0xf7,0x03,0xff,0x01,0x77,0x03,0xff,0x01,0x77,0x03,0xff,0x01,0x77,
    0x03,0xff,0x01,0x77,0x03,0xff,0x01,0x7f,0x02,0xff,0x01,0xfe,0x01,0x7d,0x01,0xf8,
    0x02,0xf0,0x01,0xd0,0x01,0x80,0x01,0xc0,0x01,0xe0,0x01,0x60,0x01,0x20,0x01,0x14,
    0x01,0x38,0x01,0x14,0x01,0x22,0x02,0x00,0x01,0x01,0x01,0x00,0x01,0x40,0x01,0x02,
    0x01,0x04,0x01,0x02,0x02,0x00,0x01,0x44,0x01,0x80,0x01,0x10,0x02,0x00,0x01,0x02,
    0x01,0x51,0x01,0x38,0x01,0x10,0x01,0x68,0x01,0x40,0x01,0x60,0x01,0x51,0x01,0x00,
    0x01,0x44,0x01,0xf8,0x01,0x7d,0x03,0xff,0x01,0x77,0x03,0xff,0x01,0x77,0x01,0xff,
    0x01,0x7f,0x01,0x3f,0x01,0x17,0x01,0x87,0x01,0x07,0x01,0x03,0x01,0x01,0x01,0x13,
    0x01,0x11,0x03,0x01,0x01,0x05,0x01,0x03,0x01,0x47,0x01,0x03,0x01,0x07,0x01,0x0f,
    0x01,0x17,0x01,0x3f,0x02,0xff,0x01,0x7f,0x03,0xff,0x01,0x77,0x02,0xff,0x01,0xfe,
    0x01,0x78,0x01,0x88,0x02,0x00,0x01,0x11,0x01,0xc0,0x01,0x10,0x01,0x08,0x01,0x41,
    0x01,0x02,0x02,0x04,0x02,0x00,0x01,0x10,0x01,0x80,0x01,0x51,0x01,0x00,0x01,0x40,
    0x01,0x20,0x01,0x04,0x01,0x02,0x01,0x00,0x01,0x06,0x01,0x47,0x01,0x86,0x02,0x00,
    0x01,0x10,0x01,0x18,0x01,0xfd,0x01,0xff,0x01,0x77,0x03,0xff,0x01,0xf7,0x03,0xff,
    0x01,0x7f,0x01,0xa3,0x01,0x54,0x01,0x1e,0x01,0x11,0x01,0x10,0x01,0x55,0x01,0x98,
    0x01,0x56,0x01,0xe2,0x01,0x44,0x01,0x8c,0x01,0x11,0x01,0x60,0x01,0x70,0x01,0xe0,
    0x01,0x54,0x01,0x30,0x01,0x50,0x01,0x60,0x01,0x40,0x01,0x62,0x01,0x55,0x01,0xff,
    0x01,0x77,0x03,0xff,0x01,0x77,0x03,0xff,0x01,0x77,0x01,0xff,0x02,0x00,0x01,0x01,
    0x01,0x03,0x01,0x05,0x01,0x02,0x01,0x31,0x01,0x3a,0x01,0x50,0x01,0x38,0x01,0x10,
    0x01,0x02,0x01,0x41,0x01,0x00,0x01,0x41,0x01,0x82,0x02,0x04,0x01,0x05,0x01,0x01,
    0x02,0x00,0x01,0x71,0x01,0x23,0x01,0x05,0x01,0x0f,0x01,0x05,0x01,0x0e,0x01,0x01,
    0x01,0x0f,0x01,0x77,0x03,0xff,0x01,0xf7,0x03,0xff,0x01,0x77,0x02,0xff,0x01,0xfb,
    0x01,0xf3,0x01,0xe3,0x01,0xd5,0x01,0xc3,0x01,0x41,0x01,0x80,0x01,0xc0,0x01,0x81,
    0x01,0x01,0x01,0x82,0x01,0xc5,0x01,0x89,0x01,0x55,0x02,0xf6,0x01,0xfc,0x01,0x7f,
    0x01,0xfe,0x02,0xff,0x01,0x77,0x03,0xff,0x01,0x77,0x02,0xff,0x01,0x3f,0x01,0x17,
    0x01,0x03,0x01,0x40,0x01,0x80,0x01,0xd0,0x01,0x00,0x01,0x14,0x01,0x38,0x01,0x54,
    0x05,0x00,0x01,0x40,0x01,0x08,0x01,0x40,0x01,0x80,0x01,0x40,0x01,0x00,0x01,0x01,
    0x01,0x20,0x01,0x44,0x01,0x6c,0x01,0x07,0x01,0x04,0x03,0x00,0x01,0x20,0x01,0x11,
    0x01,0x88,0x01,0x40,0x01,0x00,0x01,0x11,0x01,0x07,0x01,0x17,0x01,0x3f,0x01,0x5f,
    0x01,0x3f,0x01,0x77,0x03,0xff,0x01,0xf7,0x03,0xff,0x01,0x77,0x03,0xff,0x01,0x7f,
    0x03,0xff,0x01,0x77,0x03,0xff,0x01,0x77,0x01,0xff,0x02,0x7f,0x01,0x77,0x01,0xbf,
    0x01,0x5f,0x01,0x4f,0x01,0x77,0x01,0x33,0x01,0x11,0x01,0x00,0x01,0x14,0x01,0x28,
    0x01,0x00,0x02,0x03,0x01,0x06,0x02,0x00,0x01,0x01,0x05,0x00,0x01,0x05,0x01,0x02,
    0x5a,0x00,0x16,0x00,0x01,0x55,0x01,0xff,0x01,0x55,0x01,0xff,0x01,0x55,0x01,0xff,
    0x01,0x55,0x01,0xa0,0x41,0x00,0x01,0xab,0x01,0x55,0x01,0xff,0x01,0x55,0x01,0xff,
    0x01,0x55,0x01,0xff,0x01,0x55,0x41,0x00,0x01,0x55,0x01,0xff,0x01,0x55,0x01,0xff,
    0x01,0x55,0x01,0xff,0x01,0x55,0x40,0x00,0x01,0xe8,0x01,0x55,0x01,0xff,0x01,0x55,
    0x01,0xff,0x01,0x55,0x01,0xff,0x01,0x55,0x3f,0x00,0x01,0x54,0x01,0xff,0x01,0x55,
    0x01,0xff,0x01,0x55,0x01,0xff,0x01,0x55,0x01,0x2b,0x2a,0x00,0x3e,0x00,0x38,0x00,
    0x01,0x01,0x01,0x03,0x01,0x15,0x01,0x3f,0x01,0x55,0x01,0xff,0x01,0x55,0x01,0xff,
    0x01,0x55,0x01,0xf8,0x01,0x50,0x01,0xe0,0x01,0x40,0x41,0x00,0x01,0x05,0x01,0x07,
    0x01,0x15,0x01,0x3f,0x01,0x55,0x01,0xff,0x01,0x55,0x01,0xff,0x01,0x55,0x01,0xfc,
    0x44,0x00,0x01,0x01,0x01,0x03,0x01,0x05,0x01,0x0f,0x90,0x00,0xc4,0x00,0x03,0x01,
    0x01,0x03,0x02,0x07,0x01,0x05,0x01,0x0f,0x01,0x17,0x01,0x1f,0x01,0x1d,0x01,0x3f,
    0x01,0x77,0x01,0x3f,0x01,0x5d,0x01,0xff,0x01,0x77,0x01,0xff,0x01,0xdd,0x01,0xff,
    0x01,0x77,0x01,0xff,0x01,0xdd,0x01,0xff,0x01,0x77,0x01,0xff,0x01,0xdd,0x01,0xfe,
    0x01,0x77,0x01,0xfe,0x01,0xdc,0x01,0xfe,0x01,0x74,0x01,0xfe,0x01,0xdc,0x01,0xfe,
    0x01,0x74,0x01,0xfe,0x01,0xdc,0x01,0xfe,0x01,0x76,0x01,0xfe,0x01,0xdc,0x01,0xfe,
    0x01,0x77,0x01,0xfe,0x01,0xdd,0x01,0xff,0x01,0x77,0x01,0xff,0x01,0xdf,0x01,0xff,
    0x01,0x77,0x01,0xff,0x01,0xdd,0x01,0xff,0x01,0x77,0x01,0x7f,0x01,0x5d,0x01,0x3f,
    0x01,0x37,0x01,0x3f,0x01,0x1d,0x01,0x0f,0x01,0x17,0x01,0x0f,0x01,0x05,0x01,0x03,
    0x01,0x01,0x01,0x03,0x01,0x01,0x13,0x00,0x01,0x01,0x01,0x00,0x03,0x01,0x01,0x03,
    0x01,0x01,0x01,0x03,0x01,0x01,0x03,0x03,0x01,0x05,0x01,0x03,0x01,0x07,0x01,0x03,
    0x01,0x05,0x01,0x03,0x01,0x07,0x01,0x03,0x01,0x05,0x01,0x03,0x01,0x07,0x01,0x03,
    0x01,0x05,0x03,0x03,0x01,0x01,0x01,0x03,0x01,0x01,0x01,0x03,0x03,0x01,0xea,0x00,
    0x01,0x80,0x3e,0x00,0x03,0x00,0x01,0xc0,0x01,0x50,0x01,0xf0,0x01,0x54,0x01,0xfe,
    0x01,0x55,0x01,0xff,0x01,0x55,0x01,0x7f,0x01,0x15,0x01,0x0f,0x01,0x05,0x39,0x00,
    0x01,0x54,0x01,0xfe,0x01,0x55,0x01,0xff,0x01,0x55,0x01,0x3f,0x01,0x15,0x01,0x0f,
    0x01,0x05,0x01,0x03,0x01,0x01,0x3d,0x00,0x01,0x15,0x01,0x07,0x01,0x05,0x02,0x01,
    0xd3,0x00,0xff,0x01,0x8e,0x00,0x37,0x00,0x01,0x80,0x01,0x40,0x01,0xa0,0x01,0x50,
    0x01,0xf8,0x01,0x54,0x01,0xba,0x01,0x55,0x01,0xff,0x01,0x55,0x01,0x3b,0x01,0x15,
    0x01,0x0f,0x01,0x05,0x01,0x03,0x01,0x01,0x32,0x00,0x01,0xa0,0x01,0x50,0x01,0xf8,
    0x01,0x54,0x01,0xba,0x01,0x55,0x01,0xff,0x01,0x55,0x01,0x3b,0x01,0x15,0x01,0x0f,
    0x01,0x05,0x01,0x03,0x01,0x01,0x33,0x00,0x01,0x40,0x01,0xc0,0x01,0x50,0x01,0xb8,
    0x01,0x54,0x01,0xfe,0x01,0x55,0x01,0xbb,0x01,0x55,0x01,0x1f,0x01,0x15,0x01,0x03,
    0x01,0x01,0x37,0x00,0x01,0x40,0x01,0xe0,0x01,0x54,0x01,0xba,0x01,0x55,0x01,0xff,
    0x01,0x55,0x01,0x3b,0x01,0x15,0x01,0x03,0x01,0x01,0x38,0x00,0x01,0x80,0x01,0x50,
    0x01,0xf8,0x01,0x55,0x01,0xbb,0x01,0x55,0x01,0xff,0x01,0x55,0x01,0x0b,0x01,0x05,
    0x02,0x01,0x1b,0x00,0x1e,0x01,0x4d,0x00,0x01,0x80,0x01,0x40,0x01,0x80,0x01,0x40,
    0x01,0xe0,0x01,0x40,0x01,0xe0,0x01,0x70,0x01,0xf0,0x01,0x50,0x01,0xf0,0x01,0x70,
    0x01,0xf8,0x01,0x50,0x01,0xf8,0x01,0x74,0x01,0xf8,0x01,0x54,0x01,0xfc,0x01,0x74,
    0x01,0xfc,0x01,0x54,0x01,0xfc,0x01,0x74,0x01,0xfe,0x01,0x54,0x01,0xfe,0x01,0x74,
    0x01,0xfe,0x01,0x54,0x01,0xfe,0x01,0x74,0x01,0xfe,0x01,0x54,0x01,0xfe,0x01,0x74,
    0x01,0xfe,0x01,0x54,0x01,0xfe,0x01,0x74,0x01,0xfc,0x01,0x54,0x01,0xfc,0x01,0x74,
    0x01,0xf8,0x01,0x54,0x01,0xf8,0x01,0x70,0x01,0xf8,0x01,0x50,0x01,0xf0,0x01,0x70,
    0x01,0xf0,0x01,0x50,0x01,0xe0,0x01,0x70,0x01,0xe0,0x01,0x40,0x01,0xc0,0x01,0x40,
    0x01,0x80,0x01,0x00,0x01,0x80,0x04,0x00,0x01,0x74,0x01,0xfe,0x01,0x55,0x01,0xff,
    0x01,0x77,0x01,0xff,0x01,0x55,0x01,0x7f,0x01,0x77,0x01,0x3f,0x01,0x15,0x01,0x1f,
    0x01,0x17,0x01,0x1f,0x01,0x15,0x01,0x0f,0x01,0x07,0x01,0x0f,0x01,0x05,0x02,0x07,
    0x01,0x03,0x01,0x05,0x01,0x03,0x01,0x07,0x01,0x03,0x01,0x01,0x01,0x03,0x01,0x01,
    0x01,0x03,0x01,0x01,0x01,0x03,0x01,0x01,0x01,0x03,0x01,0x01,0x01,0x03,0x01,0x01,
    0x01,0x03,0x01,0x01,0x01,0x03,0x01,0x01,0x01,0x03,0x01,0x01,0x01,0x03,0x01,0x01,
    0x01,0x03,0x01,0x05,0x01,0x03,0x01,0x07,0x01,0x03,0x01,0x05,0x03,0x07,0x01,0x05,
    0x01,0x0f,0x01,0x17,0x01,0x0f,0x01,0x15,0x01,0x1f,0x01,0x17,0x01,0x3f,0x01,0x15,
    0x01,0x3f,0x01,0x77,0x01,0x7f,0x01,0x55,0x01,0xff,0x01,0x77,0x01,0xff,0x01,0x55,
    0x01,0xfe,0x01,0x01,0x01,0x03,0x01,0x01,0x01,0x00,0x01,0x01,0x3f,0x00,0x03,0x01,
    0x01,0x03,0x48,0x00,0x8a,0x00,0x02,0x01,0x01,0x05,0x01,0x07,0x01,0x15,0x01,0x1b,
    0x01,0x15,0x01,0x3f,0x01,0x55,0x01,0xbb,0x01,0x54,0x01,0xfc,0x01,0x50,0x01,0xb0,
    0x01,0x50,0x01,0xc0,0x42,0x00,0x01,0x01,0x01,0x03,0x01,0x15,0x01,0x1b,0x01,0x55,
    0x01,0x7f,0x01,0x55,0x01,0xbb,0x01,0x54,0x01,0xf8,0x01,0x50,0x01,0xa0,0x01,0x40,
    0x01,0x80,0x40,0x00,0x02,0x01,0x01,0x05,0x01,0x0f,0x01,0x15,0x01,0x3b,0x01,0x55,
    0x01,0xff,0x01,0x55,0x01,0xba,0x01,0x54,0x01,0xe0,0x01,0x40,0x01,0x80,0x41,0x00,
    0x01,0x01,0x01,0x05,0x01,0x0b,0x01,0x55,0x01,0xff,0x01,0x55,0x01,0xbb,0x01,0x55,
    0x01,0xf8,0x01,0x50,0x01,0xa0,0x42,0x00,0x01,0x01,0x01,0x03,0x01,0x15,0x01,0x3f,
    0x01,0x55,0x01,0xbb,0x01,0x55,0x01,0xfe,0x01,0x54,0x01,0xa0,0x01,0x40,0x21,0x00,
    0xac,0x00,0x16,0x00,0x01,0x55,0x01,0xff,0x01,0x55,0x01,0xbb,0x01,0x55,0x01,0xff,
    0x01,0x15,0x23,0x00,0x01,0x50,0x01,0xfa,0x01,0x55,0x01,0xff,0x01,0x77,0x01,0xff,
    0x01,0x55,0x01,0xff,0x15,0x00,0x01,0xba,0x01,0x55,0x01,0xff,0x01,0x55,0x01,0xbb,
    0x01,0x55,0x24,0x00,0x01,0x80,0x01,0x77,0x01,0xff,0x01,0x55,0x01,0xff,0x01,0x77,
    0x01,0xff,0x01,0x55,0x01,0xff,0x14,0x00,0x01,0x10,0x01,0xbb,0x01,0x55,0x01,0xff,
    0x01,0x55,0x01,0xbb,0x01,0x55,0x24,0x00,0x01,0xaa,0x01,0x77,0x01,0xff,0x01,0x55,
    0x01,0xff,0x01,0x77,0x01,0xff,0x01,0x55,0x01,0xaa,0x15,0x00,0x01,0x2b,0x01,0x55,
    0x01,0xff,0x01,0x55,0x01,0xbb,0x01,0x55,0x01,0x80,0x24,0x00,0x01,0x77,0x01,0xff,
    0x01,0x55,0x01,0xff,0x01,0x77,0x01,0xff,0x01,0x55,0x01,0xfe,0x16,0x00,0x01,0x55,
    0x01,0xff,0x01,0x55,0x01,0xbb,0x01,0x55,0x01,0xfe,0x01,0x50,0x23,0x00,0x01,0x15,
    0x01,0x3f,0x01,0x55,0x01,0xff,0x01,0x77,0x01,0xff,0x01,0x55,0x01,0xff,0x5e,0x02,
    0x01,0x77,0x01,0xff,0x01,0xdd,0x01,0xff,0x01,0x77,0x01,0xff,0x01,0x5d,0x01,0x1f,
    0x01,0x17,0x01,0x03,0x01,0x01,0x02,0x00,0x01,0x10,0x01,0x14,0x01,0x08,0x01,0x5d,
    0x01,0x0b,0x04,0x00,0x01,0x54,0x01,0x0c,0x02,0x00,0x01,0x01,0x01,0x00,0x01,0x10,
    0x01,0x20,0x01,0x01,0x03,0x00,0x01,0x10,0x01,0x00,0x01,0x50,0x01,0x20,0x02,0x00,
    0x01,0x10,0x01,0x08,0x02,0x00,0x01,0x07,0x01,0x06,0x01,0x04,0x01,0x02,0x01,0x40,
    0x01,0x00,0x01,0x40,0x01,0x00,0x01,0x04,0x01,0x08,0x01,0x40,0x02,0x00,0x01,0x80,
    0x01,0x40,0x01,0x20,0x01,0x71,0x01,0x01,0x01,0x15,0x01,0x1f,0x01,0x17,0x03,0xff,
    0x01,0x77,0x01,0xff,0x01,0xdd,0x01,0xff,0x01,0x77,0x01,0xff,0x01,0xfd,0x01,0xff,
    0x01,0xd7,0x01,0x83,0x01,0x40,0x01,0xc0,0x01,0x04,0x04,0x00,0x02,0x18,0x01,0x80,
    0x01,0x00,0x01,0x02,0x01,0x00,0x01,0x08,0x01,0x10,0x01,0x20,0x01,0x40,0x01,0x00,
    0x01,0x01,0x01,0x03,0x01,0x44,0x01,0x0e,0x02,0x00,0x01,0x01,0x01,0x00,0x01,0x05,
    0x01,0x20,0x04,0x00,0x01,0x04,0x01,0x02,0x07,0x00,0x01,0x01,0x01,0x04,0x01,0x0c,
    0x01,0x50,0x01,0x00,0x01,0x11,0x01,0x20,0x01,0x04,0x01,0x0e,0x01,0xc5,0x01,0xa1,
    0x01,0x11,0x01,0x00,0x01,0x10,0x01,0x38,0x01,0x10,0x01,0x00,0x01,0x01,0x01,0x20,
    0x01,0x05,0x01,0x3f,0x01,0x77,0x01,0xff,0x01,0xdf,0x01,0xff,0x01,0x77,0x01,0xff,
    0x01,0xdd,0x01,0xff,0x01,0x1d,0x05,0x00,0x01,0x40,0x01,0x00,0x01,0x40,0x01,0x00,
    0x01,0x04,0x01,0x00,0x01,0x14,0x01,0x26,0x01,0x04,0x02,0x00,0x01,0x38,0x01,0x14,
    0x01,0x8e,0x01,0x14,0x01,0x08,0x01,0x54,0x01,0x60,0x01,0x45,0x01,0x04,0x01,0x50,
    0x01,0x68,0x01,0x10,0x01,0x00,0x01,0x10,0x01,0x00,0x01,0x14,0x01,0x20,0x01,0x40,
    0x01,0x80,0x01,0x10,0x01,0x80,0x01,0x01,0x01,0xc0,0x01,0x40,0x03,0x00,0x01,0x04,
    0x01,0x80,0x01,0x10,0x01,0x00,0x01,0x40,0x01,0x00,0x01,0x40,0x01,0x00,0x01,0x01,
    0x01,0x81,0x06,0x00,0x01,0x04,0x01,0x02,0x01,0x17,0x01,0x00,0x01,0x77,0x01,0xff,
    0x01,0xdd,0x01,0xff,0x01,0x77,0x01,0xff,0x01,0xdd,0x01,0xff,0x01,0x7d,0x01,0xa8,
    0x01,0x10,0x01,0xf8,0x01,0x50,0x01,0x20,0x01,0x00,0x02,0x06,0x01,0x02,0x02,0x00,
    0x01,0x04,0x01,0x20,0x01,0x44,0x01,0x0f,0x01,0x07,0x01,0x02,0x02,0x10,0x01,0x11,
    0x01,0x38,0x02,0x18,0x01,0x14,0x01,0x8e,0x01,0x54,0x01,0x0c,0x01,0x17,0x01,0x03,
    0x01,0x04,0x01,0x08,0x01,0x14,0x01,0x02,0x01,0x11,0x01,0x0f,0x01,0x55,0x01,0x30,
    0x01,0x71,0x01,0xe1,0x01,0xd1,0x01,0xf1,0x01,0x73,0x01,0x4b,0x01,0x51,0x01,0xf1,
    0x01,0x70,0x01,0x00,0x01,0x01,0x03,0x00,0x01,0x01,0x01,0x03,0x01,0x04,0x01,0x06,
    0x01,0x04,0x01,0x00,0x01,0x04,0x03,0x00,0x01,0xd0,0x01,0xfa,0x01,0x77,0x01,0xff,
    0x01,0xfd,0x01,0xff,0x01,0x77,0x03,0xff,0x01,0x77,0x01,0xff,0x01,0xdd,0x01,0xf8,
    0x01,0x70,0x01,0x80,0x01,0x10,0x01,0x00,0x01,0x1c,0x01,0x0c,0x01,0x40,0x03,0x00,
    0x01,0x04,0x01,0x28,0x01,0x50,0x01,0x20,0x01,0x00,0x01,0x09,0x01,0x45,0x01,0x02,
    0x01,0x56,0x01,0x3e,0x01,0x75,0x01,0xc0,0x01,0x41,0x01,0x80,0x01,0xc0,0x01,0x80,
    0x07,0x00,0x01,0x03,0x01,0x55,0x01,0xfc,0x01,0x75,0x01,0x0f,0x01,0x54,0x01,0xac,
    0x01,0xd5,0x01,0xc0,0x01,0x44,0x01,0x40,0x01,0x10,0x01,0x20,0x01,0x04,0x01,0x06,
    0x01,0x44,0x01,0x00,0x01,0x10,0x02,0x00,0x01,0x80,0x01,0xc0,0x01,0xe8,0x01,0x7c,
    0x01,0xff,0x01,0xdd,0x01,0xff,0x01,0x77,0x01,0xff,0x01,0xdf,0x01,0xff,0xb4,0x00,
    0x01,0x77,0x01,0xff,0x01,0x55,0x01,0xff,0x01,0x77,0x01,0xff,0x01,0x55,0x01,0x80,
    0x23,0x00,0x01,0x02,0x01,0x55,0x01,0xbb,0x01,0x55,0x01,0xff,0x01,0x55,0x01,0xba,
    0x01,0x40,0x15,0x00,0x01,0x57,0x01,0xff,0x01,0x55,0x01,0xff,0x01,0x77,0x01,0xff,
    0x01,0x55,0x01,0xff,0x01,0x50,0x23,0x00,0x01,0x55,0x01,0xbb,0x01,0x55,0x01,0xff,
    0x01,0x55,0x01,0xbb,0x01,0x55,0x15,0x00,0x01,0x55,0x01,0xff,0x01,0x55,0x01,0xff,
    0x01,0x77,0x01,0xff,0x01,0x55,0x01,0xff,0x01,0x55,0x23,0x00,0x01,0x11,0x01,0xbb,
    0x01,0x55,0x01,0xff,0x01,0x55,0x01,0xbb,0x01,0x55,0x15,0x00,0x01,0x75,0x01,0xff,
    0x01,0x55,0x01,0xff,0x01,0x77,0x01,0xff,0x01,0x55,0x01,0xff,0x01,0x15,0x23,0x00,
    0x01,0x55,0x01,0xbb,0x01,0x55,0x01,0xff,0x01,0x55,0x01,0xbb,0x01,0x55,0x15,0x00,
    0x01,0x77,0x01,0xff,0x01,0x55,0x01,0xff,0x01,0x77,0x01,0xff,0x01,0x55,0x01,0x02,
    0x23,0x00,0x01,0x80,0x01,0x55,0x01,0xbb,0x01,0x55,0x01,0xff,0x01,0x55,0x01,0x3b,
    0x01,0x05,0x15,0x00,0x8a,0x00,0x22,0x00,0x01,0x05,0x01,0x0f,0x01,0x55,0x01,0xbb,
    0x01,0x55,0x01,0xff,0x01,0x55,0x01,0xb8,0x01,0x50,0x01,0x80,0x42,0x00,0x01,0x05,
    0x01,0x0f,0x01,0x15,0x01,0x3b,0x01,0x55,0x01,0xff,0x01,0x55,0x01,0xb8,0x01,0x50,
    0x01,0xe0,0x01,0x40,0x41,0x00,0x01,0x01,0x01,0x03,0x01,0x05,0x01,0x1b,0x01,0x55,
    0x01,0xff,0x01,0x55,0x01,0xbb,0x01,0x54,0x01,0xf8,0x01,0x50,0x01,0xa0,0x01,0x40,
    0x41,0x00,0x01,0x01,0x01,0x03,0x01,0x05,0x01,0x0f,0x01,0x15,0x01,0x3b,0x01,0x55,
    0x01,0xff,0x01,0x55,0x01,0xb8,0x01,0x50,0x01,0xe0,0x01,0x40,0x01,0x80,0x42,0x00,
    0x01,0x01,0x01,0x03,0x01,0x15,0x01,0x1f,0x01,0x15,0x01,0x3b,0x01,0x55,0x01,0xfe,
    0x01,0x54,0x01,0xb8,0x01,0x50,0x01,0xe0,0x01,0x50,0x01,0x80,0x01,0x40,0x01,0x00,
    0xb2,0x01,0x02,0x00,0x01,0x14,0x01,0x18,0x01,0x50,0x03,0x00,0x01,0x50,0x01,0x62,
    0x01,0x40,0x02,0x00,0x01,0x20,0x03,0x01,0x03,0x00,0x02,0x10,0x04,0x00,0x01,0x40,
    0x01,0x80,0x02,0x00,0x01,0x04,0x01,0x00,0x01,0x74,0x01,0x76,0x01,0x44,0x01,0x83,
    0x01,0x53,0x01,0x30,0x01,0x50,0x01,0x30,0x01,0x10,0x08,0x00,0x01,0x02,0x01,0x01,
    0x01,0x03,0x01,0x51,0x01,0x00,0x01,0x04,0x01,0x00,0x01,0x40,0x02,0xc0,0x01,0x80,
    0x01,0x51,0x01,0x23,0x01,0x40,0x01,0x00,0x01,0x01,0x01,0x21,0x01,0x00,0x02,0x04,
    0x02,0x00,0x01,0x08,0x01,0x40,0x01,0x80,0x01,0x40,0x01,0x80,0x08,0x00,0x01,0x10,
    0x01,0x28,0x01,0x01,0x05,0x00,0x01,0x10,0x01,0x18,0x01,0x10,0x0b,0x00,0x01,0x04,
    0x02,0x01,0x02,0x00,0x01,0x02,0x02,0x00,0x01,0x04,0x01,0x88,0x01,0x5c,0x01,0x08,
    0x06,0x00,0x01,0x40,0x01,0x60,0x01,0x14,0x01,0x08,0x01,0x10,0x01,0x00,0x01,0x11,
    0x01,0x38,0x01,0x10,0x08,0x00,0x01,0x80,0x01,0x40,0x01,0xc0,0x01,0x77,0x01,0x7f,
    0x01,0x55,0x01,0xff,0x01,0x77,0x01,0xff,0x01,0x55,0x01,0xfe,0x01,0x74,0x01,0xfc,
    0x01,0x54,0x01,0xf8,0x01,0x70,0x01,0xf8,0x01,0x50,0x01,0xf0,0x01,0x70,0x01,0xf0,
    0x01,0x50,0x01,0xe0,0x01,0x70,0x01,0xe0,0x01,0x40,0x01,0xe0,0x01,0x40,0x01,0xe0,
    0x01,0x40,0x01,0xc0,0x01,0x40,0x01,0xc0,0x01,0x40,0x01,0xc0,0x01,0x40,0x01,0x80,
    0x01,0x40,0x01,0x80,0x01,0x40,0x01,0x80,0x01,0x40,0x01,0x80,0x01,0x41,0x01,0x80,
    0x01,0x40,0x01,0xc0,0x01,0x40,0x01,0xc0,0x01,0x40,0x01,0xc0,0x01,0x40,0x01,0xe0,
    0x01,0x40,0x01,0xe0,0x01,0x70,0x01,0xe0,0x01,0x50,0x01,0xf0,0x01,0x70,0x01,0xf8,
    0x01,0x50,0x01,0xf8,0x01,0x74,0x01,0xf8,0x01,0x54,0x01,0xfe,0x01,0x74,0x01,0xfe,
    0x01,0x55,0x01,0xff,0x01,0x77,0x01,0xff,0x01,0x55,0x01,0x7f,0x04,0x00,0x03,0x01,
    0x01,0x03,0x01,0x01,0x01,0x03,0x01,0x05,0x03,0x07,0x01,0x05,0x01,0x0f,0x01,0x17,
    0x01,0x0f,0x01,0x15,0x01,0x1f,0x01,0x17,0x01,0x3f,0x01,0x15,0x01,0x3f,0x01,0x17,
    0x01,0x3f,0x01,0x15,0x01,0x3f,0x01,0x77,0x01,0x3f,0x01,0x55,0x01,0x3f,0x01,0x77,
    0x01,0x3f,0x01,0x55,0x01,0x3f,0x01,0x77,0x01,0x3f,0x01,0x55,0x01,0x3f,0x01,0x77,
    0x01,0x3f,0x01,0x55,0x01,0x3f,0x01,0x37,0x01,0x3f,0x01,0x15,0x01,0x3f,0x01,0x17,
    0x01,0x3f,0x01,0x15,0x01,0x1f,0x01,0x17,0x01,0x1f,0x01,0x15,0x01,0x0f,0x01,0x17,
    0x01,0x0f,0x01,0x05,0x02,0x07,0x01,0x03,0x01,0x05,0x01,0x03,0x03,0x01,0x01,0x00,
    0x01,0x01,0x4b,0x00,0x8c,0x00,0x1c,0x00,0x01,0x40,0x01,0xa0,0x01,0x54,0x01,0xfe,
    0x01,0x55,0x01,0xbb,0x01,0x55,0x01,0x3f,0x01,0x15,0x01,0x03,0x01,0x01,0x38,0x00,
    0x01,0x80,0x01,0x50,0x01,0xb0,0x01,0x54,0x01,0xfe,0x01,0x55,0x01,0xbb,0x01,0x55,
    0x01,0x3f,0x01,0x15,0x01,0x03,0x01,0x01,0x36,0x00,0x01,0x80,0x01,0x40,0x01,0xe0,
    0x01,0x54,0x01,0xba,0x01,0x55,0x01,0xff,0x01,0x55,0x01,0x3b,0x01,0x15,0x01,0x0f,
    0x01,0x01,0x35,0x00,0x01,0x40,0x01,0xe0,0x01,0x50,0x01,0xb8,0x01,0x54,0x01,0xfe,
    0x01,0x55,0x01,0xbb,0x01,0x55,0x01,0x3f,0x01,0x15,0x01,0x03,0x01,0x05,0x32,0x00,
    0x01,0x80,0x01,0x40,0x01,0xe0,0x01,0x50,0x01,0xb8,0x01,0x54,0x01,0xfe,0x01,0x55,
    0x01,0xbb,0x01,0x55,0x01,0x3f,0x01,0x15,0x01,0x0b,0x01,0x05,0x01,0x03,0x01,0x01,
    0x37,0x00,0xff,0x03,0xa8,0x00,0x1d,0x00,0x01,0x80,0x01,0x40,0x01,0xe0,0x01,0x54,
    0x01,0xba,0x01,0x55,0x01,0x6e,0x01,0x15,0x01,0x0b,0x01,0x05,0x01,0x02,0x01,0x01,
    0x36,0x00,0x01,0x80,0x01,0x40,0x01,0xa0,0x01,0x54,0x01,0xec,0x01,0x55,0x01,0x3b,
    0x01,0x55,0x01,0x0e,0x01,0x05,0x01,0x03,0x01,0x01,0x38,0x00,0x01,0x80,0x01,0x50,
    0x01,0xb8,0x01,0x54,0x01,0xee,0x01,0x55,0x01,0x3b,0x01,0x15,0x01,0x02,0x01,0x01,
    0x2a,0x00,0x01,0x80,0x0f,0x00,0x01,0x80,0x01,0x50,0x01,0xba,0x01,0x55,0x01,0xee,
    0x01,0x55,0x01,0x3b,0x01,0x05,0x01,0x02,0x01,0x01,0x27,0x00,0x01,0x40,0x01,0xe0,
    0x01,0x50,0x01,0xf8,0x01,0x54,0x01,0xfe,0x01,0x55,0x01,0xff,0x0b,0x00,0x01,0x80,
    0x01,0x50,0x01,0xb8,0x01,0x55,0x01,0xee,0x01,0x55,0x01,0x3b,0x01,0x15,0x01,0x02,
    0x01,0x01,0x26,0x00,0x01,0xc0,0x01,0x50,0x01,0xf8,0x01,0x54,0x01,0xff,0x01,0x55,
    0x01,0xff,0x01,0x55,0x01,0x7f,0x01,0x15,0x01,0x0f,0x01,0x05,0x01,0x01,0xa2,0x00,
    0x01,0x05,0x01,0x03,0x01,0x05,0x01,0x03,0x01,0x01,0x01,0x03,0x01,0x01,0x01,0x00,
    0x01,0x01,0x35,0x00,0x01,0x01,0x01,0x00,0x03,0x01,0x01,0x03,0x01,0x01,0x01,0x03,
    0x01,0x05,0x01,0x07,0xb3,0x00,0x01,0x80,0x29,0x00,0x01,0x80,0x02,0xc0,0x01,0x40,
    0x01,0xe0,0x01,0xc0,0x01,0xe0,0x01,0x70,0x01,0xf0,0x01,0xd0,0x01,0xf8,0x01,0x74,
    0x01,0xfc,0x01,0xdc,0x01,0xfc,0x01,0x74,0x01,0xfe,0x01,0xdc,0x01,0xfe,0x01,0x77,
    0x01,0xfe,0x01,0xdd,0x01,0xff,0x01,0x77,0x01,0xff,0x01,0xdd,0x01,0xff,0x01,0x77,
    0x01,0xff,0x01,0xdd,0x01,0xff,0x01,0x77,0x01,0xff,0x01,0xdd,0x01,0xff,0x01,0x77,
    0x01,0xff,0x01,0xdd,0x01,0xff,0x01,0x77,0x01,0xff,0x01,0xdd,0x01,0xfe,0x01,0x77,
    0x01,0xfe,0x01,0xdc,0x01,0xfe,0x01,0x74,0x01,0xfc,0x01,0xdc,0x01,0xf8,0x01,0x70,
    0x01,0xf8,0x01,0xd0,0x01,0xf0,0x01,0x70,0x01,0xe0,0x02,0xc0,0x01,0x40,0x01,0x80,
    0x06,0x00,0xa2,0x00,0x1e,0x00,0x01,0x01,0x01,0x00,0x01,0x05,0x01,0x03,0x01,0x15,
    0x01,0x2e,0x01,0x55,0x01,0xbb,0x01,0x54,0x01,0xe8,0x01,0x50,0x01,0xa0,0x01,0x40,
    0x43,0x00,0x01,0x05,0x01,0x0e,0x01,0x15,0x01,0x3b,0x01,0x55,0x01,0xee,0x01,0x54,
    0x01,0xb8,0x01,0x50,0x01,0xc0,0x18,0x00,0x01,0x40,0x2b,0x00,0x01,0x05,0x01,0x0b,
    0x01,0x55,0x01,0xee,0x01,0x55,0x01,0xba,0x01,0x54,0x01,0xe0,0x01,0x40,0x13,0x00,
    0x01,0x55,0x01,0xff,0x01,0x55,0x01,0xfc,0x01,0x54,0x01,0xf0,0x01,0x40,0x01,0x80,
    0x28,0x00,0x01,0x01,0x01,0x03,0x01,0x15,0x01,0xee,0x01,0x55,0x01,0xbb,0x01,0x54,
    0x01,0xe0,0x01,0x40,0x0f,0x00,0x01,0x01,0x01,0x03,0x01,0x15,0x01,0x3f,0x01,0x55,
    0x01,0xff,0x01,0x55,0x01,0xff,0x01,0x55,0x01,0xfe,0x01,0x54,0x01,0xe0,0x01,0x40,
    0x27,0x00,0x01,0x01,0x01,0x0b,0x01,0x55,0x01,0xee,0x01,0x55,0x01,0xba,0x01,0x54,
    0x01,0xe0,0x01,0x40,0x0b,0x00,0xa6,0x00,0x01,0x00,0x01,0xa0,0x01,0x55,0x01,0xee,
    0x01,0x55,0x01,0xbb,0x01,0x55,0x25,0x00,0x01,0x55,0x01,0xff,0x01,0x55,0x01,0xff,
    0x01,0x55,0x01,0xff,0x01,0x55,0x01,0x0f,0x01,0x01,0x14,0x00,0x01,0xba,0x01,0x55,
    0x01,0xee,0x01,0x55,0x01,0xbb,0x01,0x55,0x24,0x00,0x01,0xa8,0x01,0x55,0x01,0xff,
    0x01,0x55,0x01,0xff,0x01,0x55,0x01,0xff,0x01,0x55,0x15,0x00,0x01,0x11,0x01,0xbb,
    0x01,0x55,0x01,0xee,0x01,0x55,0x01,0xbb,0x25,0x00,0x01,0xfe,0x01,0x55,0x01,0xff,
    0x01,0x55,0x01,0xff,0x01,0x55,0x01,0xff,0x01,0x55,0x15,0x00,0x01,0x01,0x01,0xbb,
    0x01,0x55,0x01,0xee,0x01,0x55,0x01,0xbb,0x01,0x54,0x24,0x00,0x01,0x0a,0x01,0x55,
    0x01,0xff,0x01,0x55,0x01,0xff,0x01,0x55,0x01,0xff,0x01,0x55,0x16,0x00,0x01,0x02,
    0x01,0x55,0x01,0xee,0x01,0x55,0x01,0xbb,0x01,0x55,0x25,0x00,0x01,0x15,0x01,0xff,
    0x01,0x55,0x01,0xff,0x01,0x55,0x01,0xff,0x01,0x55,0x01,0xe8,0x14,0x00,0x00,0x02,
    0x01,0x00,0x01,0x10,0x08,0x00,0x01,0x14,0x01,0x00,0x01,0x14,0x01,0x88,0x01,0x15,
    0x04,0x00,0x01,0x80,0x01,0x14,0x01,0x0c,0x01,0x04,0x03,0x00,0x01,0x10,0x01,0x20,
    0x02,0x00,0x01,0x01,0x02,0x00,0x01,0x10,0x02,0x00,0x01,0x10,0x01,0x28,0x02,0x00,
    0x01,0x10,0x01,0x00,0x01,0x10,0x01,0x08,0x01,0x10,0x01,0x02,0x01,0x07,0x01,0x03,
    0x01,0x00,0x01,0x02,0x01,0x41,0x01,0x00,0x01,0x40,0x01,0x00,0x01,0x44,0x01,0x0c,
    0x01,0x00,0x01,0x80,0x04,0x00,0x01,0x40,0x01,0x20,0x01,0x71,0x01,0x20,0x01,0x14,
    0x01,0x1a,0x01,0x11,0x01,0x03,0x01,0x01,0x01,0x20,0x01,0x10,0x01,0x80,0x02,0x00,
    0x01,0x01,0x04,0x00,0x01,0x30,0x01,0x70,0x03,0x00,0x02,0x04,0x01,0x10,0x01,0x20,
    0x01,0x40,0x03,0x00,0x01,0x07,0x01,0x02,0x01,0x14,0x01,0x08,0x01,0x04,0x02,0x00,
    0x01,0x02,0x02,0x00,0x01,0x45,0x06,0x00,0x01,0x08,0x01,0x04,0x01,0x00,0x01,0x10,
    0x06,0x00,0x01,0x02,0x01,0x10,0x01,0x18,0x01,0x10,0x02,0x00,0x01,0x02,0x01,0x41,
    0x01,0x00,0x01,0x14,0x01,0x08,0x01,0x11,0x01,0x83,0x01,0x51,0x02,0x00,0x01,0x60,
    0x01,0x70,0x01,0x00,0x02,0x01,0x01,0x00,0x01,0x20,0x01,0x01,0x01,0x03,0x02,0x00,
    0x01,0x01,0x04,0x00,0x01,0x01,0x01,0x11,0x01,0x00,0x01,0x01,0x01,0x00,0x01,0x50,
    0x01,0xb0,0x01,0x10,0x02,0x00,0x01,0xc0,0x01,0x51,0x01,0xb0,0x01,0x00,0x01,0x02,
    0x01,0x51,0x01,0x10,0x01,0x14,0x01,0x00,0x01,0x10,0x01,0x80,0x02,0x40,0x01,0x00,
    0x01,0x40,0x02,0x00,0x01,0x10,0x05,0x00,0x01,0x44,0x07,0x00,0x01,0x10,0x01,0x00,
    0x01,0x01,0x06,0x00,0x01,0x02,0x01,0x07,0x07,0x00,0x01,0x10,0x01,0x00,0x01,0x42,
    0x01,0x18,0x01,0x40,0x02,0x00,0x01,0x80,0x01,0x01,0x01,0x03,0x01,0x00,0x01,0x20,
    0x01,0x71,0x01,0x00,0x01,0x10,0x02,0x00,0x01,0x23,0x01,0x41,0x01,0xe0,0x01,0x70,
    0x01,0x28,0x01,0x70,0x01,0x20,0x01,0x04,0x01,0x00,0x01,0x10,0x01,0x80,0x01,0x81,
    0x01,0x03,0x01,0x01,0x01,0x80,0x01,0xd0,0x01,0xe0,0x01,0x41,0x01,0xd8,0x01,0x50,
    0x01,0x20,0x01,0x00,0x01,0xc0,0x01,0x01,0x01,0x02,0x01,0x15,0x01,0x68,0x01,0x5c,
    0x01,0x00,0x01,0x04,0x02,0x00,0x01,0x1a,0x01,0x1c,0x01,0x08,0x01,0x10,0x01,0x98,
    0x01,0x04,0x01,0x0c,0x01,0x15,0x02,0x00,0x01,0x02,0x01,0x00,0x01,0x02,0x01,0x00,
    0x01,0x08,0x01,0x1c,0x01,0x20,0x01,0x70,0x01,0x00,0x01,0x10,0x01,0x20,0x01,0x40,
    0x06,0x00,0x01,0x02,0x01,0x01,0x01,0x0f,0x01,0x05,0x01,0x02,0x03,0x00,0x01,0x80,
    0x04,0x00,0x01,0x44,0x01,0x80,0x01,0x04,0x02,0x00,0x01,0x08,0x01,0x01,0x01,0x81,
    0x01,0x11,0x01,0x03,0x01,0x41,0x01,0xe0,0x01,0x40,0x01,0x88,0x01,0x55,0x01,0x22,
    0x02,0x00,0x01,0x01,0x05,0x00,0x01,0x01,0x01,0x00,0x01,0x05,0x01,0x02,0x01,0x11,
    0x01,0x23,0x01,0x15,0x01,0x9c,0x01,0xdf,0x01,0xce,0x01,0xd4,0x01,0xb4,0x01,0x00,
    0x01,0x0e,0x01,0x07,0x01,0x02,0x03,0x00,0x02,0xc0,0x0a,0x00,0x01,0x20,0x02,0x00,
    0xa6,0x00,0x14,0x00,0x01,0x55,0x01,0xff,0x01,0x55,0x01,0xff,0x01,0x55,0x01,0xff,
    0x01,0x55,0x01,0xe8,0x24,0x00,0x01,0x01,0x01,0x3b,0x01,0x55,0x01,0xee,0x01,0x55,
    0x01,0xbb,0x01,0x54,0x15,0x00,0x01,0x01,0x01,0x3b,0x01,0x55,0x01,0xff,0x01,0x55,
    0x01,0xff,0x01,0x55,0x01,0xff,0x01,0x55,0x24,0x00,0x01,0x02,0x01,0x55,0x01,0xee,
    0x01,0x55,0x01,0xbb,0x01,0x55,0x16,0x00,0x01,0x22,0x01,0x55,0x01,0xff,0x01,0x55,
    0x01,0xff,0x01,0x55,0x01,0xff,0x01,0x55,0x25,0x00,0x01,0x55,0x01,0xee,0x01,0x55,
    0x01,0xbb,0x01,0x55,0x16,0x00,0x01,0xfa,0x01,0x55,0x01,0xff,0x01,0x55,0x01,0xff,
    0x01,0x55,0x01,0xff,0x01,0x55,0x25,0x00,0x01,0x55,0x01,0xee,0x01,0x55,0x01,0xbb,
    0x01,0x55,0x15,0x00,0x01,0x55,0x01,0xff,0x01,0x55,0x01,0xff,0x01,0x55,0x01,0xff,
    0x01,0x55,0x01,0x0f,0x01,0x01,0x23,0x00,0x01,0x50,0x01,0xba,0x01,0x55,0x01,0xee,
    0x01,0x55,0x01,0xbb,0x01,0x15,0x01,0x00,0xa4,0x00,0x0c,0x00,0x01,0x15,0x01,0x3b,
    0x01,0x55,0x01,0xee,0x01,0x55,0x01,0xb8,0x01,0x50,0x01,0x80,0x26,0x00,0x01,0x01,
    0x01,0x03,0x01,0x15,0x01,0x1f,0x01,0x55,0x01,0xff,0x01,0x55,0x01,0xff,0x01,0x55,
    0x01,0xfe,0x01,0x54,0x01,0xf0,0x01,0x40,0x01,0x80,0x0f,0x00,0x01,0x02,0x01,0x15,
    0x01,0x3b,0x01,0x55,0x01,0xee,0x01,0x55,0x01,0xb8,0x01,0x50,0x01,0x80,0x28,0x00,
    0x01,0x01,0x01,0x03,0x01,0x05,0x01,0x1f,0x01,0x15,0x01,0x7f,0x01,0x55,0x01,0xff,
    0x12,0x00,0x01,0x01,0x01,0x02,0x01,0x05,0x01,0x1b,0x01,0x55,0x01,0xee,0x01,0x55,
    0x01,0xba,0x01,0x50,0x01,0xe0,0x01,0x40,0x29,0x00,0x01,0x01,0x01,0x03,0x18,0x00,
    0x01,0x05,0x01,0x0b,0x01,0x15,0x01,0x2e,0x01,0x55,0x01,0xba,0x01,0x54,0x01,0xe8,
    0x01,0x50,0x01,0x80,0x42,0x00,0x02,0x01,0x01,0x05,0x01,0x0e,0x01,0x15,0x01,0x3b,
    0x01,0x55,0x01,0xee,0x01,0x54,0x01,0xb0,0x01,0x50,0x01,0xc0,0x20,0x00,0x68,0x01,
    0x04,0x00,0x01,0x01,0x02,0x41,0x01,0x03,0x03,0x07,0x01,0x0f,0x01,0x57,0x01,0x1f,
    0x01,0x5d,0x01,0x1f,0x01,0x17,0x01,0x3f,0x01,0x5d,0x01,0x3f,0x01,0x77,0x01,0x7f,
    0x01,0x5d,0x01,0xff,0x01,0x77,0x01,0xff,0x01,0x5f,0x01,0xff,0x01,0x77,0x01,0xff,
    0x01,0xdd,0x01,0xff,0x01,0x77,0x01,0xff,0x01,0xdd,0x01,0xff,0x01,0x77,0x01,0xff,
    0x01,0xdd,0x01,0xff,0x01,0x77,0x01,0xff,0x01,0xfd,0x01,0xff,0x01,0x77,0x01,0xff,
    0x01,0x5f,0x01,0xff,0x01,0x77,0x01,0x7f,0x01,0x5d,0x01,0xff,0x01,0x77,0x01,0x3f,
    0x01,0x1d,0x01,0x3f,0x01,0x17,0x01,0x1f,0x01,0x1d,0x01,0x0f,0x02,0x07,0x01,0x05,
    0x01,0x03,0x01,0x17,0x01,0x33,0x01,0x01,0x09,0x00,0x01,0x10,0x05,0x00,0x01,0x04,
    0x01,0x0e,0x01,0x15,0x01,0x0c,0x01,0x04,0x0d,0x00,0x01,0x01,0x01,0x00,0x01,0x51,
    0x01,0x80,0x01,0x51,0x01,0x30,0x01,0x51,0x01,0x18,0x01,0x11,0x01,0x00,0x01,0x01,
    0x01,0x00,0x01,0x01,0x01,0x00,0x01,0x01,0x04,0x00,0x02,0x01,0x01,0x02,0x01,0x01,
    0x01,0x03,0x01,0x11,0x01,0x0a,0x01,0x16,0x01,0x82,0x02,0x00,0x01,0x40,0x01,0x00,
    0x01,0x01,0x02,0x00,0x01,0x04,0x01,0x14,0x01,0x18,0x01,0x14,0x02,0x00,0x01,0x08,
    0x06,0x00,0x01,0x05,0x01,0x06,0x01,0x04,0x02,0x00,0x01,0x02,0x01,0x14,0x08,0x00,
    0x01,0x01,0x06,0x00,0x01,0x04,0x05,0x00,0x01,0x07,0x01,0x87,0x01,0x04,0x01,0x08,
    0x01,0x10,0x01,0x03,0x01,0x47,0x01,0x43,0x01,0x01,0x01,0x00,0x01,0x40,0x02,0x00,
    0x01,0x80,0x01,0xc0,0x07,0x00,0x01,0x04,0x01,0x00,0x01,0x01,0x01,0x80,0x02,0x00,
    0x01,0x1c,0x01,0x38,0x01,0x10,0x01,0x00,0x01,0x05,0x01,0x02,0x01,0x04,0x03,0x00,
    0x01,0x01,0x0b,0x00,0x01,0x05,0x07,0x00,0x01,0x01,0x01,0x03,0x01,0x01,0x13,0x00,
    0x01,0x40,0x03,0x00,0x03,0x11,0x08,0x00,0x01,0x18,0x01,0x15,0x01,0x03,0x01,0x01,
    0x03,0x00,0x01,0x07,0x01,0x02,0x08,0x00,0x01,0x50,0x01,0xe0,0x01,0x40,0x01,0xc0,
    0x01,0x40,0x01,0x80,0x01,0x00,0x01,0x80,0x39,0x00,0x01,0x80,0x01,0x40,0x01,0x80,
    0x01,0x40,0x01,0xe0,0x01,0x40,0x01,0xe0,0xa4,0x00,0x01,0x40,0x01,0xe0,0x01,0x50,
    0x01,0xf8,0x01,0x55,0x01,0xff,0x01,0x55,0x01,0xff,0x01,0x55,0x01,0x3f,0x01,0x15,
    0x01,0x0f,0x01,0x01,0x27,0x00,0x01,0x40,0x01,0xa0,0x01,0x54,0x01,0xee,0x01,0x55,
    0x01,0x3b,0x01,0x15,0x01,0x02,0x01,0x01,0x0b,0x00,0x01,0x55,0x01,0xff,0x01,0x55,
    0x01,0x3f,0x01,0x15,0x01,0x0f,0x01,0x05,0x02,0x01,0x27,0x00,0x01,0x40,0x01,0xa0,
    0x01,0x54,0x01,0xee,0x01,0x55,0x01,0xbb,0x01,0x55,0x01,0x0e,0x01,0x01,0x0f,0x00,
    0x01,0x01,0x2a,0x00,0x01,0x80,0x01,0x50,0x01,0xb0,0x01,0x54,0x01,0xee,0x01,0x55,
    0x01,0x3b,0x01,0x15,0x01,0x06,0x01,0x01,0x38,0x00,0x01,0x80,0x01,0x40,0x01,0xe0,
    0x01,0x50,0x01,0xb8,0x01,0x55,0x01,0xee,0x01,0x55,0x01,0x1b,0x01,0x05,0x01,0x02,
    0x01,0x01,0x36,0x00,0x01,0x80,0x01,0x40,0x01,0xa0,0x01,0x50,0x01,0xe8,0x01,0x55,
    0x01,0xbb,0x01,0x55,0x01,0x0e,0x01,0x15,0x01,0x03,0x01,0x01,0x1d,0x00,0x04,0x01,
    0x48,0x00,0x01,0x54,0x01,0x3a,0x01,0x54,0x01,0xec,0x01,0x54,0x01,0xb8,0x01,0x54,
    0x01,0xe8,0x01,0x50,0x01,0xb0,0x01,0x50,0x01,0xe0,0x01,0x50,0x01,0xb0,0x01,0x50,
    0x01,0xe0,0x01,0x50,0x01,0xa0,0x01,0x50,0x01,0xe0,0x01,0x40,0x01,0xa0,0x01,0x40,
    0x01,0xe0,0x01,0x40,0x01,0xa0,0x01,0x40,0x01,0xc0,0x01,0x40,0x01,0x80,0x01,0x40,
    0x01,0xc0,0x01,0x40,0x01,0x80,0x01,0x40,0x01,0xc0,0x01,0x40,0x01,0x80,0x01,0x40,
    0x01,0xc0,0x01,0x40,0x01,0x80,0x01,0x40,0x01,0xc0,0x01,0x40,0x01,0xa0,0x01,0x40,
    0x01,0xe0,0x01,0x40,0x01,0xa0,0x01,0x40,0x01,0xe0,0x01,0x50,0x01,0xa0,0x01,0x50,
    0x01,0xe0,0x01,0x50,0x01,0xb0,0x01,0x50,0x01,0xe0,0x01,0x50,0x01,0xb0,0x01,0x50,
    0x01,0xe8,0x01,0x50,0x01,0xb8,0x01,0x54,0x01,0xe8,0x01,0x54,0x01,0x38,0x01,0x54,
    0x01,0x2e,0x06,0x00,0x01,0x01,0x01,0x00,0x03,0x01,0x01,0x00,0x01,0x01,0x01,0x03,
    0x01,0x01,0x01,0x02,0x01,0x01,0x01,0x03,0x01,0x05,0x01,0x02,0x01,0x05,0x01,0x03,
    0x01,0x05,0x01,0x02,0x01,0x05,0x01,0x03,0x01,0x05,0x01,0x06,0x01,0x05,0x01,0x03,
    0x01,0x05,0x01,0x06,0x01,0x05,0x01,0x03,0x01,0x05,0x01,0x06,0x01,0x05,0x01,0x03,
    0x01,0x05,0x01,0x06,0x01,0x05,0x01,0x03,0x01,0x05,0x01,0x06,0x01,0x05,0x01,0x03,
    0x01,0x05,0x01,0x02,0x01,0x05,0x01,0x03,0x01,0x05,0x01,0x02,0x01,0x05,0x01,0x03,
    0x01,0x01,0x01,0x02,0x01,0x01,0x01,0x03,0x01,0x01,0x01,0x00,0x03,0x01,0x01,0x00,
    0x01,0x01,0x97,0x00,0xff,0x03,0xc0,0x00,0x05,0x00,0x01,0x80,0x01,0x50,0x01,0xa8,
    0x01,0x54,0x01,0x3a,0x01,0x55,0x01,0x0a,0x01,0x05,0x01,0x03,0x01,0x01,0x2b,0x00,
    0x01,0x40,0x01,0xc0,0x01,0x50,0x01,0xb0,0x01,0x54,0x01,0xfc,0x01,0x55,0x01,0xbb,
    0x01,0x55,0x01,0x3f,0x01,0x15,0x01,0x1b,0x01,0x05,0x01,0x07,0x01,0x00,0x01,0xa0,
    0x01,0x50,0x01,0xa8,0x01,0x55,0x01,0x3b,0x01,0x15,0x01,0x02,0x01,0x01,0x2a,0x00,
    0x01,0x80,0x01,0x40,0x01,0xb0,0x01,0x50,0x01,0xfc,0x01,0x55,0x01,0xbb,0x01,0x55,
    0x01,0x7f,0x01,0x15,0x01,0x0b,0x01,0x05,0x01,0x03,0x01,0x01,0x07,0x00,0x01,0x55,
    0x01,0x3b,0x01,0x15,0x01,0x02,0x01,0x01,0x28,0x00,0x01,0x80,0x01,0x40,0x01,0xf0,
    0x01,0x54,0x01,0xba,0x01,0x55,0x01,0xff,0x01,0x55,0x01,0x3b,0x01,0x15,0x01,0x0f,
    0x02,0x01,0x0e,0x00,0x01,0x01,0x27,0x00,0x01,0x40,0x01,0xa0,0x01,0x54,0x01,0xfe,
    0x01,0x55,0x01,0xbb,0x01,0x55,0x01,0x3f,0x01,0x15,0x01,0x03,0x01,0x05,0x39,0x00,
    0x01,0x50,0x01,0xb0,0x01,0x54,0x01,0xfe,0x01,0x55,0x01,0xbb,0x01,0x55,0x01,0x3f,
    0x01,0x15,0x01,0x03,0x01,0x01,0x19,0x00,0x1c,0x01,0x53,0x00,0x01,0x80,0x01,0x40,
    0x01,0x80,0x01,0x40,0x01,0xc0,0x01,0x40,0x01,0xe0,0x01,0x40,0x01,0xe0,0x01,0x70,
    0x01,0xe0,0x01,0x50,0x01,0xe0,0x01,0x70,0x01,0xf0,0x01,0x50,0x01,0xf0,0x01,0x70,
    0x01,0xf0,0x01,0x50,0x01,0xf8,0x01,0x70,0x01,0xf8,0x01,0x50,0x01,0xf8,0x01,0x70,
    0x01,0xf8,0x01,0x50,0x01,0xf8,0x01,0x70,0x01,0xf0,0x01,0x50,0x01,0xf8,0x01,0x70,
    0x01,0xf0,0x01,0x50,0x01,0xf0,0x01,0x70,0x01,0xe0,0x01,0x50,0x01,0xe0,0x01,0x40,
    0x01,0xe0,0x01,0x40,0x01,0xc0,0x01,0x40,0x01,0x80,0x01,0x40,0x01,0x80,0x01,0x00,
    0x01,0x80,0x0a,0x00,0x01,0x70,0x01,0xf8,0x01,0x54,0x01,0xfc,0x01,0x74,0x01,0xfe,
    0x01,0x55,0x01,0xfe,0x01,0x77,0x01,0xff,0x01,0x55,0x01,0xff,0x01,0x77,0x01,0x7f,
    0x01,0x55,0x01,0x3f,0x01,0x37,0x01,0x3f,0x01,0x15,0x01,0x1f,0x01,0x17,0x01,0x1f,
    0x01,0x15,0x01,0x0f,0x01,0x17,0x01,0x0f,0x01,0x15,0x01,0x0f,0x01,0x07,0x01,0x0f,
    0x01,0x05,0x01,0x0f,0x01,0x07,0x01,0x0f,0x01,0x05,0x01,0x0f,0x01,0x07,0x01,0x0f,
    0x01,0x05,0x01,0x0f,0x01,0x07,0x01,0x0f,0x01,0x05,0x01,0x0f,0x01,0x17,0x01,0x0f,
    0x01,0x15,0x01,0x0f,0x01,0x17,0x01,0x1f,0x01,0x15,0x01,0x1f,0x01,0x17,0x01,0x3f,
    0x01,0x15,0x01,0x3f,0x01,0x77,0x01,0x3f,0x01,0x55,0x01,0x7f,0x01,0x77,0x01,0xff,
    0x01,0x55,0x01,0xff,0x01,0x77,0x01,0xfe,0x01,0x54,0x01,0xfe,0x01,0x74,0x01,0xf8,
    0x01,0x54,0x01,0xf8,0x01,0x17,0x01,0x0f,0x01,0x05,0x02,0x07,0x01,0x03,0x03,0x01,
    0x35,0x00,0x01,0x01,0x01,0x00,0x01,0x01,0x01,0x03,0x01,0x05,0x01,0x03,0x02,0x07,
    0x01,0x05,0x01,0x0f,0x48,0x00,0xba,0x00,0x01,0x05,0x01,0x0b,0x01,0x15,0x01,0x3f,
    0x01,0x55,0x01,0xbb,0x01,0x55,0x01,0xfe,0x01,0x54,0x01,0xb8,0x01,0x50,0x01,0xe0,
    0x01,0x40,0x01,0x80,0x2c,0x00,0x01,0x01,0x01,0x02,0x01,0x15,0x01,0x3b,0x01,0x55,
    0x01,0xa8,0x01,0x50,0x01,0xa0,0x01,0x40,0x0b,0x00,0x01,0x01,0x01,0x03,0x01,0x05,
    0x01,0x0b,0x01,0x15,0x01,0x3f,0x01,0x55,0x01,0xbb,0x01,0x55,0x01,0xfe,0x01,0x54,
    0x01,0xb8,0x01,0x50,0x01,0xe0,0x01,0x40,0x2b,0x00,0x01,0x05,0x01,0x0b,0x01,0x55,
    0x01,0xaa,0x01,0x54,0x01,0xb0,0x01,0x40,0x01,0x80,0x0e,0x00,0x01,0x01,0x01,0x03,
    0x01,0x05,0x01,0x1b,0x01,0x55,0x01,0xff,0x01,0x55,0x01,0xbb,0x01,0x54,0x01,0xf8,
    0x01,0x50,0x01,0xa0,0x01,0x40,0x29,0x00,0x01,0x05,0x01,0x0b,0x01,0x55,0x01,0xaa,
    0x14,0x00,0x01,0x01,0x01,0x03,0x01,0x05,0x01,0x0f,0x01,0x55,0x01,0xbb,0x01,0x55,
    0x01,0xfe,0x01,0x55,0x01,0xb8,0x01,0x50,0x01,0x80,0x42,0x00,0x01,0x05,0x01,0x0f,
    0x01,0x15,0x01,0x3b,0x01,0x55,0x01,0xff,0x01,0x55,0x01,0xb8,0x01,0x50,0x01,0xc0,
    0x24,0x00,0x9a,0x00,0x18,0x00,0x01,0x55,0x01,0xbb,0x01,0x55,0x01,0xff,0x01,0x55,
    0x01,0xbb,0x01,0x15,0x23,0x00,0x01,0x50,0x01,0xfe,0x01,0x77,0x01,0xff,0x01,0x55,
    0x01,0xff,0x17,0x00,0x01,0xea,0x01,0x55,0x01,0xbb,0x01,0x55,0x01,0xff,0x01,0x55,
    0x01,0x23,0x23,0x00,0x01,0x20,0x01,0x55,0x01,0xff,0x01,0x77,0x01,0xff,0x01,0x55,
    0x01,0xff,0x17,0x00,0x01,0xff,0x01,0x55,0x01,0xbb,0x01,0x55,0x01,0xff,0x01,0x55,
    0x24,0x00,0x01,0x3a,0x01,0x55,0x01,0xff,0x01,0x77,0x01,0xff,0x01,0x55,0x01,0xff,
    0x17,0x00,0x01,0xaa,0x01,0x55,0x01,0xbb,0x01,0x55,0x01,0xff,0x01,0x55,0x01,0xa2,
    0x23,0x00,0x01,0x02,0x01,0x55,0x01,0xff,0x01,0x77,0x01,0xff,0x01,0x55,0x01,0xff,
    0x18,0x00,0x01,0x55,0x01,0xbb,0x01,0x55,0x01,0xff,0x01,0x55,0x01,0xbb,0x01,0x54,
    0x23,0x00,0x01,0x05,0x01,0x3f,0x01,0x77,0x01,0xff,0x01,0x55,0x01,0xff,0xcc,0x01,
    0x07,0x00,0x01,0x24,0x02,0x00,0x02,0x18,0x01,0x11,0x05,0x00,0x01,0x40,0x01,0x08,
    0x01,0x1c,0x03,0x00,0x01,0x01,0x01,0x20,0x02,0x00,0x02,0x01,0x04,0x00,0x01,0x10,
    0x01,0x00,0x01,0x10,0x01,0x30,0x04,0x00,0x01,0x10,0x01,0x20,0x01,0x10,0x01,0x00,
    0x01,0x44,0x01,0x0c,0x01,0x07,0x01,0x02,0x02,0x00,0x01,0x02,0x03,0x00,0x01,0x1c,
    0x01,0x8c,0x09,0x00,0x01,0xc0,0x01,0x41,0x01,0x00,0x01,0x10,0x01,0x38,0x01,0x01,
    0x05,0x00,0x02,0xc0,0x02,0x00,0x01,0x01,0x01,0x09,0x01,0x00,0x01,0x08,0x01,0x40,
    0x01,0x00,0x01,0x01,0x03,0x00,0x01,0x04,0x01,0x0c,0x01,0x00,0x02,0x30,0x03,0x00,
    0x01,0x04,0x02,0x00,0x01,0x10,0x07,0x00,0x01,0x20,0x01,0x10,0x01,0x00,0x01,0x40,
    0x08,0x00,0x01,0x04,0x01,0x11,0x01,0x20,0x01,0x50,0x02,0x00,0x02,0x04,0x01,0x02,
    0x01,0x01,0x01,0x00,0x01,0x70,0x01,0x22,0x01,0x07,0x01,0x03,0x01,0x40,0x02,0x00,
    0x01,0x80,0x01,0xc0,0x07,0x00,0x01,0x01,0x01,0x00,0x01,0x04,0x02,0x00,0x01,0x80,
    0x01,0x40,0x02,0x00,0x01,0x02,0x01,0x01,0x01,0x08,0x01,0x40,0x01,0x00,0x01,0x10,
    0x02,0x00,0x01,0x84,0x01,0x00,0x01,0x20,0x01,0x50,0x01,0x80,0x04,0x00,0x01,0x01,
    0x0b,0x00,0x01,0x10,0x06,0x00,0x01,0x80,0x02,0x00,0x01,0x04,0x01,0x08,0x03,0x00,
    0x02,0x01,0x01,0x00,0x01,0x10,0x01,0x18,0x01,0x10,0x01,0x02,0x01,0x05,0x01,0x00,
    0x03,0x01,0x01,0x00,0x01,0x10,0x01,0x28,0x02,0x00,0x01,0x10,0x05,0x00,0x01,0x10,
    0x01,0x0a,0x01,0x11,0x03,0x00,0x01,0x04,0x01,0x06,0x01,0x44,0x01,0x04,0x01,0x01,
    0x02,0x00,0x01,0x22,0x02,0x30,0x01,0x00,0x01,0x20,0x01,0x15,0x01,0x1b,0x01,0x11,
    0x01,0x80,0x01,0x02,0x04,0x00,0x01,0x20,0x01,0x10,0x01,0x00,0x01,0xc0,0x01,0x80,
    0x01,0x00,0x02,0x40,0x01,0x00,0x01,0x50,0x01,0xa0,0x01,0x00,0x01,0x80,0x02,0x00,
    0x01,0x41,0x01,0xc0,0x01,0x44,0x02,0x00,0x01,0x80,0x02,0x00,0x01,0x10,0x02,0x00,
    0x01,0xc0,0x01,0x40,0x07,0x00,0x01,0xd0,0x01,0xa0,0x01,0x00,0x01,0x02,0x01,0x07,
    0x01,0x02,0x02,0x00,0x01,0x01,0x01,0x00,0x01,0x04,0x01,0x40,0x01,0x04,0x01,0x0e,
    0x01,0x06,0x01,0x02,0x01,0x07,0x01,0x82,0x01,0x10,0x01,0x00,0x01,0x11,0x02,0x30,
    0x03,0x00,0x01,0x14,0x01,0x8e,0x01,0x55,0x01,0x06,0x01,0x01,0x01,0x09,0x01,0x15,
    0x01,0x00,0x01,0x10,0x01,0x08,0x01,0x04,0x01,0x20,0x01,0x01,0x01,0x04,0x01,0x45,
    0x01,0x80,0x01,0x00,0x01,0x60,0x01,0x70,0x01,0x80,0x01,0x81,0x01,0x80,0x01,0x71,
    0x01,0xe1,0x01,0x41,0x01,0x80,0x01,0x00,0x02,0xe0,0x09,0x00,0x01,0x05,0x01,0x06,
    0x01,0x04,0x01,0x00,0x01,0x01,0x01,0x02,0x01,0x04,0x01,0x00,0xa0,0x00,0x01,0x77,
    0x01,0xff,0x01,0x55,0x01,0xff,0x01,0x75,0x01,0xa0,0x23,0x00,0x01,0x03,0x01,0x55,
    0x01,0xff,0x01,0x55,0x01,0xbb,0x01,0x55,0x01,0xfa,0x01,0x40,0x17,0x00,0x01,0x77,
    0x01,0xff,0x01,0x55,0x01,0xff,0x01,0x77,0x01,0xff,0x01,0x50,0x23,0x00,0x01,0x55,
    0x01,0xff,0x01,0x55,0x01,0xbb,0x01,0x55,0x01,0xff,0x01,0x55,0x17,0x00,0x01,0x77,
    0x01,0xff,0x01,0x55,0x01,0xff,0x01,0x77,0x01,0xff,0x01,0x55,0x23,0x00,0x01,0x55,
    0x01,0xff,0x01,0x55,0x01,0xbb,0x01,0x55,0x01,0xff,0x01,0x55,0x17,0x00,0x01,0x77,
    0x01,0xff,0x01,0x55,0x01,0xff,0x01,0x77,0x01,0xff,0x01,0x15,0x23,0x00,0x01,0x55,
    0x01,0xff,0x01,0x55,0x01,0xbb,0x01,0x55,0x01,0xff,0x01,0x55,0x17,0x00,0x01,0x77,
    0x01,0xff,0x01,0x55,0x01,0xff,0x01,0x57,0x01,0x03,0x23,0x00,0x01,0xa0,0x01,0x55,
    0x01,0xff,0x01,0x55,0x01,0xbb,0x01,0x55,0x01,0x2f,0x01,0x01,0x17,0x00,0xbe,0x00,
    0x24,0x00,0x01,0x05,0x01,0x0b,0x01,0x55,0x01,0xff,0x01,0x55,0x01,0xbb,0x01,0x55,
    0x01,0xf8,0x01,0x50,0x01,0x80,0x42,0x00,0x01,0x01,0x01,0x03,0x01,0x15,0x01,0x3f,
    0x01,0x55,0x01,0xbb,0x01,0x55,0x01,0xfe,0x01,0x50,0x01,0xa0,0x01,0x40,0x01,0x80,
    0x14,0x00,0x01,0x55,0x01,0xba,0x01,0x50,0x01,0x80,0x28,0x00,0x01,0x01,0x01,0x03,
    0x01,0x05,0x01,0x0f,0x01,0x15,0x01,0x3b,0x01,0x55,0x01,0xff,0x01,0x55,0x01,0xb8,
    0x01,0x50,0x01,0xe0,0x01,0x40,0x01,0x80,0x0e,0x00,0x01,0x01,0x01,0x03,0x01,0x15,
    0x01,0x2a,0x01,0x55,0x01,0xba,0x01,0x54,0x01,0xa0,0x01,0x40,0x29,0x00,0x02,0x01,
    0x01,0x05,0x01,0x0b,0x01,0x15,0x01,0x3f,0x01,0x55,0x01,0xbb,0x01,0x55,0x01,0xfe,
    0x01,0x54,0x01,0xb8,0x01,0x50,0x01,0xc0,0x01,0x40,0x0b,0x00,0x01,0x01,0x01,0x03,
    0x01,0x05,0x01,0x0a,0x01,0x55,0x01,0xba,0x01,0x54,0x01,0xa0,0x01,0x50,0x01,0x80,
    0x2c,0x00,0x01,0x01,0x01,0x03,0x01,0x05,0x01,0x0b,0x01,0x15,0x01,0x3f,0x01,0x55,
    0x01,0xbb,0x01,0x55,0x01,0xfe,0x01,0x54,0x01,0xb8,0x01,0x50,0x01,0xe0,0xf8,0x01,
    0x06,0x00,0x01,0x10,0x01,0x00,0x01,0x01,0x06,0x00,0x01,0x01,0x04,0x00,0x01,0x11,
    0x01,0x32,0x01,0x5c,0x01,0xc8,0x01,0x40,0x01,0x10,0x01,0x50,0x01,0x00,0x01,0x51,
    0x01,0x20,0x01,0x41,0x03,0x00,0x01,0x40,0x01,0xe0,0x01,0x60,0x01,0x20,0x02,0x00,
    0x01,0x41,0x01,0x03,0x01,0x01,0x04,0x00,0x01,0x10,0x01,0x40,0x01,0x00,0x02,0xc0,
    0x03,0x00,0x01,0x80,0x04,0x00,0x01,0x01,0x04,0x00,0x01,0x02,0x03,0x00,0x01,0x08,
    0x01,0x00,0x01,0x80,0x01,0x70,0x01,0xf0,0x01,0x50,0x01,0xe0,0x01,0x41,0x01,0xe0,
    0x01,0x50,0x01,0xb0,0x01,0x10,0x01,0x08,0x01,0x70,0x01,0x60,0x01,0x05,0x01,0x06,
    0x01,0x04,0x02,0x00,0x01,0x20,0x03,0x00,0x01,0x02,0x02,0x00,0x01,0x10,0x01,0x08,
    0x01,0xcf,0x01,0x86,0x04,0x00,0x01,0x04,0x01,0x0e,0x06,0x00,0x02,0x06,0x02,0x40,
    0x02,0x00,0x01,0x01,0x01,0x00,0x01,0x50,0x01,0x00,0x01,0x01,0x01,0x00,0x01,0x01,
    0x05,0x00,0x01,0x01,0x01,0x03,0x01,0x01,0x02,0x00,0x01,0x80,0x01,0x00,0x01,0x80,
    0x01,0x40,0x01,0xe0,0x01,0xd8,0x01,0xf8,0x01,0x50,0x01,0xf8,0x01,0x17,0x01,0x1f,
    0x01,0x15,0x01,0x3f,0x01,0x77,0x01,0x7f,0x01,0x55,0x01,0xff,0x01,0x77,0x01,0xff,
    0x01,0xd5,0x01,0xfe,0x01,0x77,0x01,0xfe,0x01,0x54,0x01,0xfc,0x01,0x74,0x01,0xfc,
    0x01,0x54,0x01,0xf8,0x01,0x70,0x01,0xf8,0x01,0x50,0x01,0xf8,0x01,0x70,0x01,0xf0,
    0x01,0x51,0x01,0xf0,0x01,0x70,0x01,0xf0,0x01,0xd4,0x01,0xf4,0x01,0x70,0x01,0xf0,
    0x01,0x50,0x01,0xe0,0x01,0x70,0x01,0xf0,0x01,0x50,0x01,0xf0,0x01,0x70,0x01,0xf0,
    0x01,0x51,0x01,0xf9,0x01,0x70,0x01,0xf0,0x01,0x50,0x01,0xf8,0x01,0x70,0x01,0xf8,
    0x01,0x50,0x01,0xf8,0x01,0x74,0x01,0xfc,0x01,0x5c,0x01,0xfc,0x01,0x74,0x01,0xfe,
    0x01,0x54,0x01,0xfe,0x01,0x77,0x01,0xff,0x01,0x55,0x01,0xff,0x01,0x77,0x01,0x7f,
    0x01,0x55,0x01,0x3f,0x01,0x57,0x01,0xbf,0x01,0x55,0x01,0x0f,0x01,0x41,0x01,0x60,
    0x04,0x00,0x01,0x40,0x01,0x00,0x01,0x01,0x01,0x00,0x03,0x01,0x01,0x03,0x01,0x01,
    0x01,0x03,0x01,0x07,0x01,0x13,0x01,0x05,0x03,0x07,0x01,0x05,0x01,0x0f,0x01,0x07,
    0x01,0x0f,0x01,0x15,0x01,0x0f,0x01,0x17,0x01,0x0f,0x01,0x15,0x01,0x0f,0x01,0x77,
    0x01,0x7f,0x01,0x15,0x01,0x0f,0x01,0x17,0x01,0x3f,0x01,0x75,0x01,0x3f,0x01,0x37,
    0x01,0x0f,0x01,0x15,0x01,0x0f,0x01,0x17,0x01,0x0f,0x01,0x05,0x01,0x0f,0x02,0x07,
    0x01,0x05,0x02,0x07,0x01,0x03,0x01,0x05,0x02,0x03,0x01,0x13,0x02,0x01,0x01,0x05,
    0x02,0x01,0x03,0x80,0x02,0x00,0x01,0x71,0x01,0x60,0x08,0x00,0x01,0x44,0x09,0x00,
    0x01,0x40,0x01,0x60,0x06,0x00,0x01,0x01,0x08,0x00,0x01,0x10,0x01,0x00,0x01,0x02,
    0x01,0x01,0x02,0x00,0x01,0x08,0x03,0x00,0x01,0x08,0x02,0x00,0x01,0x70,0x01,0x30,
    0x08,0x00,0x01,0x01,0x03,0x00,0x01,0x50,0x01,0x20,0x01,0x50,0x01,0x00,0x01,0x01,
    0x01,0x03,0x01,0xc7,0x01,0xc0,0x04,0x00,0xc2,0x00,0x1a,0x00,0x01,0x40,0x01,0xe0,
    0x01,0x54,0x01,0xba,0x01,0x55,0x01,0xff,0x01,0x55,0x01,0x3b,0x01,0x15,0x01,0x03,
    0x01,0x01,0x38,0x00,0x01,0xa0,0x01,0x50,0x01,0xf8,0x01,0x55,0x01,0xbb,0x01,0x55,
    0x01,0xff,0x01,0x55,0x01,0x1b,0x01,0x05,0x01,0x03,0x01,0x01,0x26,0x00,0x01,0x80,
    0x0e,0x00,0x01,0x40,0x01,0xc0,0x01,0x50,0x01,0xb8,0x01,0x54,0x01,0xfe,0x01,0x55,
    0x01,0xbb,0x01,0x55,0x01,0x1f,0x01,0x15,0x01,0x03,0x01,0x01,0x28,0x00,0x01,0x80,
    0x01,0x40,0x01,0xa0,0x01,0x54,0x01,0xaa,0x07,0x00,0x01,0x80,0x01,0x40,0x01,0xa0,
    0x01,0x50,0x01,0xf8,0x01,0x55,0x01,0xbb,0x01,0x55,0x01,0x7f,0x01,0x15,0x01,0x1b,
    0x01,0x05,0x01,0x03,0x01,0x01,0x2a,0x00,0x01,0x80,0x01,0x50,0x01,0xb8,0x01,0x54,
    0x01,0xaa,0x01,0x55,0x01,0x0b,0x01,0x05,0x01,0x00,0x01,0x50,0x01,0xb0,0x01,0x54,
    0x01,0xfc,0x01,0x55,0x01,0xba,0x01,0x55,0x01,0x7f,0x01,0x15,0x01,0x1b,0x01,0x15,
    0x01,0x07,0x01,0x05,0x02,0x01,0x2b,0x00,0x01,0x40,0x01,0xa0,0x01,0x50,0x01,0xb8,
    0x01,0x55,0x01,0x2a,0x01,0x15,0x01,0x03,0x01,0x01,0x05,0x00,0x96,0x00,0xff,0x00,
    0x20,0x00,0x01,0x80,0x01,0x05,0x01,0x0b,0x01,0x05,0x01,0x0a,0x01,0x15,0x01,0x0a,
    0x01,0x15,0x01,0x0a,0x01,0x15,0x01,0x1a,0x01,0x14,0x01,0x0a,0x01,0x14,0x01,0x3a,
    0x01,0x14,0x01,0x28,0x01,0x14,0x01,0x38,0x01,0x54,0x01,0x28,0x01,0x54,0x01,0x38,
    0x01,0x54,0x01,0x28,0x01,0x54,0x01,0x38,0x01,0x54,0x01,0x28,0x01,0x50,0x01,0x38,
    0x01,0x50,0x01,0x28,0x01,0x50,0x01,0x38,0x01,0x50,0x01,0x28,0x01,0x50,0x01,0x38,
    0x01,0x50,0x01,0x28,0x01,0x50,0x01,0x38,0x01,0x54,0x01,0x28,0x01,0x50,0x01,0x38,
    0x01,0x54,0x01,0x28,0x01,0x54,0x01,0x38,0x01,0x54,0x01,0x28,0x01,0x54,0x01,0x38,
    0x01,0x54,0x01,0x28,0x01,0x14,0x01,0x38,0x01,0x14,0x01,0x2a,0x01,0x14,0x01,0x3a,
    0x01,0x14,0x01,0x0a,0x01,0x15,0x01,0x1a,0x01,0x15,0x01,0x0a,0x01,0x15,0x01,0x0b,
    0x01,0x05,0x01,0x02,0xff,0x03,0x9a,0x00,0x1f,0x00,0x01,0x80,0x01,0x40,0x01,0xa0,
    0x01,0x50,0x01,0xe8,0x01,0x55,0x01,0xbb,0x01,0x55,0x01,0x0e,0x01,0x15,0x01,0x03,
    0x01,0x05,0x01,0x00,0x01,0x01,0x35,0x00,0x01,0x40,0x01,0xe0,0x01,0x50,0x01,0xb8,
    0x01,0x55,0x01,0xee,0x01,0x55,0x01,0x3b,0x01,0x15,0x01,0x02,0x01,0x01,0x38,0x00,
    0x01,0x80,0x01,0x40,0x01,0xe8,0x01,0x54,0x01,0xba,0x01,0x55,0x01,0x2e,0x01,0x15,
    0x01,0x03,0x01,0x05,0x3a,0x00,0x01,0x80,0x01,0x50,0x01,0xe8,0x01,0x55,0x01,0xbb,
    0x01,0x55,0x01,0x2e,0x01,0x15,0x01,0x03,0x01,0x01,0x28,0x00,0x01,0xc0,0x01,0x50,
    0x01,0xf0,0x01,0x54,0x01,0xfe,0x0e,0x00,0x01,0x50,0x01,0xe8,0x01,0x55,0x01,0xbb,
    0x01,0x55,0x01,0x2e,0x01,0x15,0x01,0x03,0x01,0x01,0x26,0x00,0x01,0x80,0x01,0x50,
    0x01,0xf8,0x01,0x54,0x01,0xfe,0x01,0x55,0x01,0xff,0x01,0x55,0x01,0xff,0x01,0x55,
    0x01,0x0f,0x48,0x00,0x01,0x15,0x01,0x1f,0x01,0x15,0x01,0x0f,0x01,0x15,0x01,0x0f,
    0x01,0x05,0x01,0x07,0x01,0x05,0x01,0x03,0x01,0x01,0x01,0x03,0x03,0x01,0x01,0x00,
    0x01,0x01,0x23,0x00,0x01,0x01,0x01,0x00,0x01,0x01,0x01,0x00,0x03,0x01,0x01,0x03,
    0x01,0x01,0x01,0x03,0x01,0x05,0x01,0x03,0x01,0x05,0x01,0x07,0x01,0x05,0x01,0x0f,
    0x01,0x15,0x01,0x0f,0x01,0x15,0x01,0x1f,0xff,0x00,0x21,0x00,0x9a,0x00,0x1c,0x00,
    0x01,0x01,0x01,0x03,0x01,0x05,0x01,0x0e,0x01,0x15,0x01,0x3b,0x01,0x55,0x01,0xee,
    0x01,0x54,0x01,0xb0,0x01,0x50,0x01,0x80,0x42,0x00,0x01,0x01,0x01,0x00,0x01,0x05,
    0x01,0x0b,0x01,0x15,0x01,0x2e,0x01,0x55,0x01,0xba,0x01,0x54,0x01,0xe0,0x01,0x50,
    0x01,0x80,0x42,0x00,0x01,0x01,0x01,0x03,0x01,0x05,0x01,0x0e,0x01,0x55,0x01,0xbb,
    0x01,0x55,0x01,0xe8,0x01,0x50,0x01,0xa0,0x01,0x40,0x15,0x00,0x01,0x54,0x01,0xf8,
    0x01,0x50,0x01,0xe0,0x01,0x40,0x29,0x00,0x01,0x05,0x01,0x0e,0x01,0x55,0x01,0xbb,
    0x01,0x55,0x01,0xee,0x01,0x54,0x01,0xa0,0x01,0x40,0x11,0x00,0x01,0x15,0x01,0x3f,
    0x01,0x55,0x01,0xff,0x01,0x55,0x01,0xff,0x01,0x55,0x01,0xfc,0x01,0x50,0x01,0xe0,
    0x01,0x40,0x27,0x00,0x01,0x05,0x01,0x0e,0x01,0x55,0x01,0xbb,0x01,0x55,0x01,0xee,
    0x01,0x54,0x01,0xa0,0x01,0x40,0x0d,0x00,0xb6,0x00,0x03,0x00,0x01,0x80,0x01,0x55,
    0x01,0xbb,0x01,0x55,0x01,0xee,0x01,0x55,0x01,0x02,0x24,0x00,0x01,0x54,0x01,0xff,
    0x01,0x55,0x01,0xff,0x01,0x55,0x01,0xff,0x01,0x55,0x01,0x3f,0x01,0x01,0x14,0x00,
    0x01,0xea,0x01,0x55,0x01,0xbb,0x01,0x55,0x01,0xee,0x01,0x15,0x24,0x00,0x01,0xa0,
    0x01,0x55,0x01,0xff,0x01,0x55,0x01,0xff,0x01,0x55,0x01,0xff,0x01,0x55,0x15,0x00,
    0x01,0x54,0x01,0xee,0x01,0x55,0x01,0xbb,0x01,0x55,0x01,0xee,0x01,0x11,0x24,0x00,
    0x01,0xbb,0x01,0x55,0x01,0xff,0x01,0x55,0x01,0xff,0x01,0x55,0x01,0xff,0x01,0x55,
    0x16,0x00,0x01,0xae,0x01,0x55,0x01,0xbb,0x01,0x55,0x01,0xee,0x01,0x55,0x24,0x00,
    0x01,0x23,0x01,0x55,0x01,0xff,0x01,0x55,0x01,0xff,0x01,0x55,0x01,0xff,0x01,0x55,
    0x0f,0x00,0x01,0x01,0x06,0x00,0x01,0x02,0x01,0x55,0x01,0xbb,0x01,0x55,0x01,0xee,
    0x01,0x55,0x25,0x00,0x01,0x55,0x01,0xff,0x01,0x55,0x01,0xff,0x01,0x55,0x01,0xff,
    0x01,0x55,0x01,0xfa,0x01,0x40,0x0c,0x00,0x01,0x08,0x02,0x00,0x01,0x04,0x01,0x00,
    0x9e,0x01,0x04,0x00,0x01,0x50,0x01,0x00,0x01,0x10,0x01,0x30,0x01,0x14,0x01,0x00,
    0x01,0x01,0x05,0x00,0x01,0x10,0x01,0x30,0x01,0x10,0x03,0x00,0x01,0x01,0x01,0x80,
    0x04,0x00,0x01,0x01,0x01,0x02,0x04,0x00,0x01,0x40,0x02,0x00,0x01,0xa0,0x05,0x00,
    0x01,0x20,0x01,0x00,0x01,0x20,0x01,0x00,0x01,0x88,0x01,0x1c,0x01,0x0c,0x01,0x04,
    0x03,0x00,0x01,0x04,0x03,0x00,0x01,0x10,0x01,0x18,0x01,0x10,0x0a,0x00,0x01,0x80,
    0x08,0x00,0x01,0x44,0x01,0x00,0x01,0x40,0x03,0x00,0x01,0x04,0x03,0x00,0x01,0x10,
    0x01,0x30,0x01,0x10,0x01,0x00,0x01,0x40,0x01,0x80,0x01,0x01,0x03,0x00,0x01,0x10,
    0x01,0x00,0x01,0x40,0x01,0x00,0x01,0x10,0x03,0x00,0x01,0x01,0x02,0x00,0x01,0x80,
    0x01,0x40,0x03,0x00,0x01,0x01,0x09,0x00,0x01,0x14,0x01,0x80,0x01,0x04,0x02,0x00,
    0x01,0x02,0x01,0x10,0x03,0x00,0x01,0x04,0x01,0x80,0x01,0x50,0x01,0x18,0x01,0x10,
    0x01,0x02,0x02,0x01,0x02,0x00,0x01,0x46,0x01,0x07,0x01,0x01,0x01,0x00,0x01,0x40,
    0x04,0x00,0x01,0x02,0x01,0x10,0x03,0x00,0x01,0x40,0x05,0x00,0x01,0x41,0x01,0x00,
    0x01,0x01,0x06,0x00,0x01,0x08,0x08,0x00,0x01,0x01,0x02,0x00,0x02,0x01,0x01,0x80,
    0x0a,0x00,0x01,0x41,0x05,0x00,0x01,0x04,0x01,0x00,0x02,0x01,0x01,0xc1,0x01,0x80,
    0x01,0x00,0x01,0x10,0x01,0x14,0x03,0x00,0x01,0x04,0x05,0x00,0x01,0x34,0x01,0x8c,
    0x01,0x04,0x03,0x00,0x01,0x44,0x01,0x64,0x01,0x04,0x01,0x00,0x01,0x50,0x02,0x00,
    0x01,0x08,0x01,0x50,0x01,0x00,0x01,0x05,0x02,0x00,0x01,0x88,0x01,0x40,0x01,0x30,
    0x01,0x10,0x01,0x00,0x01,0x10,0x02,0x00,0x01,0x08,0x02,0x00,0x01,0x40,0x05,0x00,
    0x01,0x01,0x09,0x00,0x01,0x04,0x11,0x00,0x01,0x41,0x01,0xe0,0x01,0x40,0x01,0x00,
    0x01,0x10,0x02,0x00,0x01,0x81,0x01,0x00,0x01,0x80,0x01,0xd0,0x01,0xc0,0x01,0x40,
    0x01,0x60,0x01,0x40,0x03,0x00,0x01,0x10,0x03,0x00,0x01,0x01,0x01,0x03,0x01,0x01,
    0x01,0x02,0x01,0x40,0x01,0x00,0x01,0xc1,0x01,0x81,0x01,0x10,0x01,0xb0,0x01,0x10,
    0x04,0x00,0x01,0x04,0x01,0x00,0x01,0x21,0x01,0x5c,0x01,0x98,0x01,0x50,0x01,0x00,
    0x01,0x04,0x02,0x00,0x01,0x0a,0x01,0x11,0x01,0x00,0x01,0x10,0x01,0x30,0x01,0x10,
    0x01,0x00,0x01,0x1c,0x01,0x08,0x02,0x00,0x01,0x10,0x02,0x00,0x01,0x02,0x01,0x00,
    0x01,0x02,0x02,0x00,0x01,0x10,0x01,0x18,0x01,0x50,0x01,0xc0,0x01,0x40,0x01,0x00,
    0xae,0x00,0x12,0x00,0x01,0x55,0x01,0xff,0x01,0x55,0x01,0xff,0x01,0x55,0x01,0xff,
    0x01,0x55,0x01,0xe0,0x24,0x00,0x01,0x05,0x01,0xae,0x01,0x55,0x01,0xbb,0x01,0x55,
    0x01,0xee,0x01,0x50,0x15,0x00,0x01,0x01,0x01,0xaf,0x01,0x55,0x01,0xff,0x01,0x55,
    0x01,0xff,0x01,0x55,0x01,0xff,0x01,0x55,0x25,0x00,0x01,0x55,0x01,0xbb,0x01,0x55,
    0x01,0xee,0x01,0x55,0x16,0x00,0x01,0xaa,0x01,0x55,0x01,0xff,0x01,0x55,0x01,0xff,
    0x01,0x55,0x01,0xff,0x01,0x55,0x25,0x00,0x01,0x55,0x01,0xbb,0x01,0x55,0x01,0xee,
    0x01,0x55,0x15,0x00,0x01,0x40,0x01,0xfe,0x01,0x55,0x01,0xff,0x01,0x55,0x01,0xff,
    0x01,0x55,0x01,0xff,0x01,0x55,0x24,0x00,0x01,0x80,0x01,0x55,0x01,0xbb,0x01,0x55,
    0x01,0xee,0x01,0x55,0x03,0x00,0x01,0x05,0x03,0x00,0x01,0x14,0x0d,0x00,0x01,0x55,
    0x01,0xff,0x01,0x55,0x01,0xff,0x01,0x55,0x01,0xff,0x01,0x55,0x01,0x0b,0x24,0x00,
    0x01,0x40,0x01,0xee,0x01,0x55,0x01,0xbb,0x01,0x55,0x01,0xee,0x01,0x15,0x03,0x00,
    0x98,0x00,0x0e,0x00,0x01,0x05,0x01,0x0e,0x01,0x55,0x01,0xbb,0x01,0x55,0x01,0xee,
    0x01,0x50,0x01,0xa0,0x26,0x00,0x01,0x01,0x01,0x03,0x01,0x05,0x01,0x0f,0x01,0x15,
    0x01,0x7f,0x01,0x55,0x01,0xff,0x01,0x57,0x01,0xfe,0x01,0x54,0x01,0xf8,0x11,0x00,
    0x01,0x03,0x01,0x05,0x01,0x2e,0x01,0x55,0x01,0xbb,0x01,0x55,0x01,0xe8,0x01,0x50,
    0x01,0xa0,0x28,0x00,0x01,0x01,0x01,0x03,0x01,0x05,0x01,0x0f,0x01,0x15,0x01,0x3f,
    0x15,0x00,0x01,0x01,0x01,0x05,0x01,0x0e,0x01,0x55,0x01,0xbb,0x01,0x55,0x01,0xee,
    0x01,0x54,0x01,0xa0,0x01,0x40,0x43,0x00,0x01,0x01,0x01,0x02,0x01,0x15,0x01,0x3b,
    0x01,0x55,0x01,0xee,0x01,0x55,0x01,0xb8,0x01,0x50,0x01,0xe0,0x01,0x40,0x43,0x00,
    0x01,0x01,0x01,0x03,0x01,0x15,0x01,0x2e,0x01,0x55,0x01,0xbb,0x01,0x54,0x01,0xe8,
    0x01,0x50,0x01,0xa0,0x01,0x40,0x01,0x80,0x1c,0x00,0x92,0x01,0x01,0x00,0x01,0x20,
    0x01,0x70,0x03,0x00,0x01,0x01,0x03,0x00,0x02,0x10,0x02,0x00,0x01,0x02,0x01,0x00,
    0x01,0x14,0x02,0x00,0x01,0x88,0x01,0xc1,0x01,0x80,0x01,0xc0,0x01,0x00,0x01,0x01,
    0x01,0x00,0x01,0xc0,0x01,0xc2,0x04,0x00,0x01,0x10,0x01,0x08,0x01,0x14,0x06,0x00,
    0x01,0x08,0x01,0x1c,0x01,0x08,0x01,0x01,0x01,0x10,0x01,0x00,0x01,0x0c,0x01,0x00,
    0x01,0x20,0x04,0x00,0x01,0x40,0x05,0x00,0x01,0x10,0x01,0x02,0x01,0x06,0x01,0x02,
    0x06,0x00,0x01,0x01,0x04,0x00,0x01,0x40,0x04,0x00,0x01,0x01,0x03,0x00,0x01,0x04,
    0x05,0x00,0x01,0x44,0x01,0xc8,0x01,0x71,0x01,0x21,0x01,0x41,0x01,0x00,0x01,0x40,
    0x01,0x80,0x01,0x05,0x03,0x80,0x01,0x04,0x04,0x00,0x01,0x80,0x04,0x00,0x01,0x04,
    0x01,0x0c,0x01,0x05,0x05,0x00,0x01,0x40,0x09,0x00,0x01,0x01,0x03,0x00,0x01,0x04,
    0x03,0x00,0x01,0x01,0x01,0x00,0x01,0x04,0x06,0x00,0x01,0x80,0x02,0x00,0x01,0x40,
    0x02,0x00,0x01,0x08,0x01,0x10,0x01,0x30,0x01,0x10,0x07,0x00,0x01,0x11,0x01,0x02,
    0x01,0x05,0x01,0x00,0x01,0x40,0x01,0x39,0x01,0x10,0x01,0x00,0x01,0x01,0x01,0x00,
    0x01,0x01,0x01,0x00,0x01,0x70,0x01,0x30,0x01,0x01,0x01,0x03,0x01,0x01,0x01,0x03,
    0x02,0x00,0x01,0x10,0x01,0x30,0x01,0x11,0x04,0x00,0x01,0x08,0x01,0x00,0x01,0x01,
    0x02,0x00,0x01,0x07,0x01,0x06,0x01,0x05,0x02,0x00,0x01,0x02,0x01,0x05,0x03,0x00,
    0x01,0x1c,0x01,0x08,0x08,0x00,0x01,0x10,0x01,0x00,0x03,0x01,0x01,0x80,0x01,0x01,
    0x01,0x03,0x01,0x01,0x01,0x02,0x05,0x00,0x01,0x01,0x09,0x00,0x01,0x0c,0x01,0x04,
    0x0f,0x00,0x01,0x04,0x01,0x8c,0x06,0x00,0x01,0x04,0x01,0x00,0x01,0x01,0x02,0x00,
    0x01,0xc0,0x01,0x40,0x0a,0x00,0x01,0x40,0x04,0x00,0x01,0x54,0x01,0xf8,0x01,0x50,
    0x01,0xf0,0x01,0x54,0x01,0xf6,0x01,0x54,0x01,0xec,0x01,0x44,0x01,0xc0,0x01,0x40,
    0x01,0x80,0x01,0x40,0x01,0x80,0x01,0x00,0x01,0x80,0x0b,0x00,0x01,0x80,0x02,0x00,
    0x01,0x10,0x01,0x00,0x01,0x70,0x01,0x60,0x02,0x00,0x01,0x10,0x01,0x30,0x06,0x00,
    0x01,0x01,0x05,0x00,0x01,0x01,0x01,0x00,0x01,0x01,0x02,0x00,0x01,0xa1,0x01,0x01,
    0x01,0x80,0x01,0x50,0x01,0x8a,0x01,0x47,0x01,0x80,0x01,0x44,0x01,0xe0,0x01,0x40,
    0x01,0xe0,0x01,0x50,0x01,0xf0,0x01,0x50,0x01,0xf8,0x01,0x54,0x01,0xf8,0x96,0x00,
    0x01,0x50,0x01,0xf8,0x01,0x55,0x01,0xff,0x01,0x55,0x01,0xff,0x01,0x55,0x01,0x3f,
    0x01,0x15,0x01,0x07,0x01,0x01,0x27,0x00,0x01,0x40,0x01,0xe8,0x01,0x55,0x01,0xbb,
    0x01,0x55,0x01,0x2e,0x01,0x15,0x01,0x03,0x01,0x01,0x0d,0x00,0x01,0x55,0x01,0x3f,
    0x01,0x15,0x01,0x07,0x02,0x01,0x27,0x00,0x01,0x80,0x01,0x40,0x01,0xe0,0x01,0x54,
    0x01,0xbb,0x01,0x55,0x01,0x6e,0x01,0x15,0x01,0x03,0x01,0x01,0x3a,0x00,0x01,0x80,
    0x01,0x50,0x01,0xe8,0x01,0x55,0x01,0xbb,0x01,0x55,0x01,0x2e,0x01,0x15,0x01,0x03,
    0x01,0x01,0x38,0x00,0x01,0x80,0x01,0x50,0x01,0xb0,0x01,0x54,0x01,0xee,0x01,0x55,
    0x01,0x3b,0x01,0x15,0x01,0x0e,0x01,0x05,0x01,0x03,0x37,0x00,0x01,0x80,0x01,0x50,
    0x01,0xe8,0x01,0x54,0x01,0xba,0x01,0x55,0x01,0x2e,0x01,0x15,0x01,0x0b,0x01,0x05,
    0x01,0x02,0x01,0x01,0x1f,0x00,0xca,0x00,0x47,0x00,0x01,0x80,0x01,0x15,0x01,0x0b,
    0x01,0x15,0x01,0x0e,0x01,0x15,0x01,0x3a,0x01,0x15,0x01,0x2e,0x01,0x54,0x01,0x3a,
    0x01,0x54,0x01,0x6c,0x01,0x54,0x01,0x38,0x01,0x54,0x01,0xe8,0x01,0x54,0x01,0xb8,
    0x01,0x54,0x01,0xe8,0x01,0x50,0x01,0xb8,0x01,0x50,0x01,0xe8,0x01,0x50,0x01,0xb0,
    0x01,0x50,0x01,0xe0,0x01,0x50,0x01,0xb0,0x01,0x50,0x01,0xe0,0x01,0x50,0x01,0xb0,
    0x01,0x50,0x01,0xe0,0x01,0x50,0x01,0xb0,0x01,0x50,0x01,0xe0,0x01,0x50,0x01,0xb0,
    0x01,0x50,0x01,0xe0,0x01,0x50,0x01,0xb0,0x01,0x50,0x01,0xe8,0x01,0x50,0x01,0xb8,
    0x01,0x50,0x01,0xe8,0x01,0x50,0x01,0xb8,0x01,0x54,0x01,0xe8,0x01,0x54,0x01,0x38,
    0x01,0x54,0x01,0x6c,0x01,0x54,0x01,0x3a,0x01,0x54,0x01,0x2e,0x01,0x15,0x01,0x3a,
    0x01,0x15,0x01,0x0e,0x01,0x15,0x01,0x1b,0x01,0x15,0x01,0x0e,0x14,0x00,0x01,0x01,
    0x01,0x00,0x01,0x01,0x01,0x00,0x01,0x01,0x01,0x00,0x01,0x01,0x01,0x00,0x03,0x01,
    0x01,0x00,0x03,0x01,0x01,0x00,0x03,0x01,0x01,0x00,0x03,0x01,0x01,0x00,0x01,0x01,
    0x01,0x00,0x01,0x01,0x01,0x00,0x01,0x01,0x01,0x00,0x01,0x01,0x01,0x00,0x01,0x01,
    0xa3,0x00,0xff,0x03,0xce,0x00,0x07,0x00,0x01,0x80,0x01,0x50,0x01,0xb0,0x01,0x54,
    0x01,0xaa,0x01,0x55,0x01,0x3b,0x01,0x05,0x01,0x02,0x01,0x01,0x2c,0x00,0x01,0x80,
    0x01,0x40,0x01,0xe0,0x01,0x50,0x01,0xb8,0x01,0x54,0x01,0xfe,0x01,0x55,0x01,0xbb,
    0x01,0x55,0x01,0x3f,0x03,0x00,0x01,0x80,0x01,0x50,0x01,0xb8,0x01,0x55,0x01,0x2a,
    0x01,0x15,0x01,0x0b,0x01,0x05,0x2a,0x00,0x01,0x80,0x01,0x40,0x01,0xe0,0x01,0x50,
    0x01,0xb8,0x01,0x54,0x01,0xfe,0x01,0x55,0x01,0xbb,0x01,0x55,0x01,0x3f,0x01,0x15,
    0x01,0x03,0x01,0x05,0x01,0x03,0x01,0x01,0x03,0x00,0x01,0x50,0x01,0xba,0x01,0x55,
    0x01,0x2a,0x01,0x15,0x01,0x03,0x01,0x01,0x28,0x00,0x01,0x80,0x01,0x40,0x01,0xa0,
    0x01,0x50,0x01,0xfc,0x01,0x55,0x01,0xbb,0x01,0x55,0x01,0x7f,0x01,0x15,0x01,0x0b,
    0x01,0x05,0x01,0x03,0x01,0x01,0x0b,0x00,0x01,0x15,0x01,0x03,0x01,0x01,0x27,0x00,
    0x01,0x40,0x01,0xe0,0x01,0x50,0x01,0xb8,0x01,0x55,0x01,0xff,0x01,0x55,0x01,0x3b,
    0x01,0x15,0x01,0x0f,0x01,0x05,0x01,0x03,0x01,0x01,0x37,0x00,0x01,0x40,0x01,0xe0,
    0x01,0x54,0x01,0xba,0x01,0x55,0x01,0xff,0x01,0x55,0x01,0x3b,0x01,0x15,0x01,0x03,
    0x01,0x01,0x17,0x00,0x04,0x00,0xff,0x00,0x69,0x00,0xbe,0x00,0x01,0x15,0x01,0x3b,
    0x01,0x55,0x01,0xfe,0x01,0x55,0x01,0xb8,0x01,0x54,0x01,0xf0,0x01,0x50,0x01,0xa0,
    0x01,0x40,0x2d,0x00,0x01,0x05,0x01,0x0b,0x01,0x15,0x01,0x2a,0x01,0x55,0x01,0xb8,
    0x01,0x50,0x01,0xa0,0x01,0x40,0x0b,0x00,0x01,0x01,0x01,0x03,0x01,0x05,0x01,0x0f,
    0x01,0x15,0x01,0x3b,0x01,0x55,0x01,0xff,0x01,0x55,0x01,0xb8,0x01,0x54,0x01,0xe0,
    0x01,0x50,0x01,0x80,0x2a,0x00,0x01,0x01,0x01,0x03,0x01,0x15,0x01,0x2a,0x01,0x55,
    0x01,0xba,0x01,0x54,0x01,0xa0,0x01,0x40,0x0f,0x00,0x01,0x01,0x01,0x03,0x01,0x15,
    0x01,0x3f,0x01,0x55,0x01,0xbb,0x01,0x55,0x01,0xfe,0x01,0x54,0x01,0xb8,0x01,0x50,
    0x01,0xc0,0x28,0x00,0x02,0x01,0x01,0x05,0x01,0x0a,0x01,0x55,0x01,0xbb,0x01,0x54,
    0x01,0xa8,0x12,0x00,0x01,0x01,0x01,0x07,0x01,0x15,0x01,0x3b,0x01,0x55,0x01,0xff,
    0x01,0x55,0x01,0xba,0x01,0x54,0x01,0xf0,0x01,0x50,0x01,0x80,0x28,0x00,0x01,0x05,
    0x01,0x0a,0x18,0x00,0x01,0x05,0x01,0x0b,0x01,0x55,0x01,0xff,0x01,0x55,0x01,0xbb,
    0x01,0x55,0x01,0xf8,0x01,0x50,0x01,0x80,0x26,0x00,0x70,0x00,0x1a,0x00,0x01,0x55,
    0x01,0xff,0x01,0x55,0x01,0xbb,0x01,0x55,0x01,0xff,0x01,0x15,0x24,0x00,0x01,0x30,
    0x01,0x70,0x1a,0x00,0x01,0xaa,0x01,0x55,0x01,0xff,0x01,0x55,0x01,0xbb,0x01,0x55,
    0x01,0xaa,0x23,0x00,0x01,0x80,0x1c,0x00,0x01,0x10,0x01,0xbb,0x01,0x55,0x01,0xff,
    0x01,0x55,0x01,0xbb,0x01,0x55,0x01,0x80,0x22,0x00,0x01,0x01,0x1e,0x00,0x01,0x2b,
    0x01,0x55,0x01,0xff,0x01,0x55,0x01,0xbb,0x01,0x55,0x01,0xaa,0x1b,0x00,0x01,0x10,
    0x26,0x00,0x01,0x55,0x01,0xff,0x01,0x55,0x01,0xbb,0x01,0x55,0x01,0xff,0x01,0x55,
    0x1d,0x00,0x01,0x80,0x06,0x00,0x01,0x20,0x01,0x70,0x01,0x20,0x3a,0x01,0x01,0x40,
    0x03,0x00,0x01,0xc0,0x01,0x80,0x01,0x0c,0x09,0x00,0x01,0x41,0x01,0x01,0x03,0x00,
    0x01,0x02,0x06,0x00,0x01,0x04,0x0f,0x00,0x01,0x01,0x03,0x00,0x01,0x10,0x01,0x20,
    0x01,0x50,0x01,0x18,0x01,0x10,0x03,0x00,0x01,0x10,0x04,0x00,0x01,0x60,0x01,0x40,
    0x09,0x00,0x01,0x01,0x03,0x00,0x01,0x01,0x01,0x00,0x01,0x10,0x04,0x00,0x01,0x20,
    0x03,0x00,0x01,0x02,0x01,0x00,0x01,0x80,0x03,0x00,0x01,0x02,0x01,0x04,0x01,0x02,
    0x08,0x00,0x01,0x41,0x03,0x00,0x01,0x04,0x01,0x02,0x01,0x01,0x05,0x00,0x01,0x01,
    0x01,0x00,0x01,0x04,0x01,0x00,0x01,0x04,0x07,0x00,0x01,0x10,0x01,0x00,0x01,0x10,
    0x03,0x00,0x01,0x40,0x01,0x80,0x01,0x40,0x05,0x00,0x01,0x40,0x01,0xc0,0x01,0x30,
    0x04,0x00,0x01,0x02,0x02,0x00,0x01,0x11,0x07,0x00,0x03,0x01,0x03,0x00,0x01,0x04,
    0x07,0x00,0x01,0x04,0x09,0x00,0x01,0x05,0x03,0x00,0x01,0x10,0x0c,0x00,0x01,0x28,
    0x01,0x1c,0x05,0x00,0x01,0x40,0x02,0x00,0x01,0x0c,0x01,0x04,0x05,0x00,0x01,0x04,
    0x03,0x00,0x01,0xc0,0x01,0x80,0x02,0x00,0x01,0x01,0x01,0x00,0x01,0x40,0x01,0x00,
    0x01,0x44,0x03,0x00,0x01,0x04,0x01,0x00,0x01,0x01,0x01,0x00,0x01,0x40,0x01,0x00,
    0x01,0x10,0x09,0x00,0x01,0x40,0x15,0x00,0x01,0x40,0x01,0x00,0x01,0x04,0x09,0x00,
    0x01,0x04,0x01,0x0c,0x01,0x04,0x05,0x00,0x01,0x10,0x01,0x00,0x01,0x15,0x02,0x10,
    0x03,0x00,0x01,0x04,0x01,0x0c,0x01,0x00,0x01,0x88,0x01,0x01,0x03,0x00,0x01,0x01,
    0x02,0x60,0x01,0x00,0x01,0x50,0x01,0x00,0x01,0x11,0x01,0x38,0x01,0x10,0x01,0x03,
    0x02,0x00,0x01,0x04,0x04,0x00,0x01,0x80,0x01,0x10,0x01,0x00,0x01,0x10,0x01,0x00,
    0x01,0x04,0x05,0x00,0x01,0x40,0x01,0x00,0x01,0x40,0x05,0x00,0x01,0x01,0x05,0x00,
    0x01,0x40,0x02,0x00,0x01,0x20,0x06,0x00,0x6c,0x00,0x27,0x00,0x01,0x0b,0x01,0x55,
    0x01,0xbb,0x01,0x55,0x01,0xff,0x01,0x55,0x01,0xba,0x01,0x40,0x1b,0x00,0x01,0x10,
    0x25,0x00,0x01,0x55,0x01,0xbb,0x01,0x55,0x01,0xff,0x01,0x55,0x01,0xbb,0x01,0x55,
    0x1b,0x00,0x01,0x04,0x25,0x00,0x01,0x55,0x01,0xbb,0x01,0x55,0x01,0xff,0x01,0x55,
    0x01,0xbb,0x01,0x55,0x41,0x00,0x01,0x55,0x01,0xbb,0x01,0x55,0x01,0xff,0x01,0x55,
    0x01,0xbb,0x01,0x55,0x1f,0x00,0x01,0x40,0x01,0x80,0x01,0x00,0x01,0x20,0x03,0x00,
    0x01,0x80,0x19,0x00,0x01,0xe8,0x01,0x55,0x01,0xbb,0x01,0x55,0x01,0xff,0x01,0x55,
    0x01,0x3b,0x01,0x05,0x19,0x00,0xe0,0x00,0x26,0x00,0x01,0x05,0x01,0x0f,0x01,0x15,
    0x01,0x3b,0x01,0x55,0x01,0xff,0x01,0x55,0x01,0xba,0x01,0x50,0x01,0xe0,0x01,0x40,
    0x0e,0x00,0x02,0x01,0x02,0x00,0x01,0x80,0x04,0x00,0x01,0x54,0x01,0xa0,0x01,0x40,
    0x27,0x00,0x01,0x01,0x01,0x03,0x01,0x15,0x01,0x3b,0x01,0x55,0x01,0xff,0x01,0x55,
    0x01,0xba,0x01,0x54,0x01,0xf8,0x01,0x50,0x01,0x80,0x05,0x00,0x01,0x08,0x02,0x00,
    0x01,0x01,0x09,0x00,0x01,0x15,0x01,0x3b,0x01,0x55,0x01,0xaa,0x01,0x50,0x01,0xa0,
    0x01,0x40,0x29,0x00,0x01,0x01,0x01,0x03,0x01,0x15,0x01,0x3f,0x01,0x55,0x01,0xbb,
    0x01,0x55,0x01,0xfe,0x01,0x54,0x01,0xb0,0x01,0x50,0x01,0xc0,0x04,0x00,0x01,0x04,
    0x01,0x06,0x01,0x04,0x07,0x00,0x01,0x01,0x01,0x02,0x01,0x15,0x01,0x3b,0x01,0x55,
    0x01,0xaa,0x01,0x54,0x01,0xa0,0x01,0x40,0x01,0x80,0x29,0x00,0x02,0x01,0x01,0x07,
    0x01,0x15,0x01,0x1b,0x01,0x55,0x01,0x7f,0x01,0x55,0x01,0xbb,0x01,0x54,0x01,0xf8,
    0x01,0x50,0x01,0xa0,0x01,0x40,0x01,0x80,0x01,0x11,0x0b,0x00,0x01,0x05,0x01,0x0b,
    0x01,0x55,0x01,0x2a,0x01,0x55,0x01,0xb8,0x01,0x50,0x01,0xa0,0x01,0x40,0x2b,0x00,
    0x01,0x01,0x01,0x03,0x01,0x05,0x01,0x07,0x01,0x15,0x01,0x1b,0x01,0x15,0x01,0x7f,
    0x01,0x55,0x01,0xbb,0x01,0x54,0x01,0xfc,0x6a,0x01,0x03,0x00,0x01,0x80,0x01,0x40,
    0x01,0x00,0x02,0x10,0x03,0x00,0x01,0x80,0x06,0x00,0x01,0x05,0x01,0x8d,0x01,0x15,
    0x01,0x20,0x01,0x70,0x01,0x00,0x01,0x01,0x01,0x00,0x01,0x40,0x01,0xc0,0x01,0x40,
    0x01,0x00,0x01,0x01,0x02,0x00,0x01,0x08,0x02,0x00,0x03,0x04,0x05,0x00,0x01,0x04,
    0x0a,0x00,0x01,0x20,0x01,0x10,0x01,0x00,0x01,0x04,0x02,0x00,0x01,0x80,0x01,0x07,
    0x01,0x06,0x02,0x00,0x01,0x05,0x03,0x00,0x01,0x05,0x03,0x00,0x03,0x01,0x03,0x00,
    0x01,0x40,0x03,0x00,0x01,0x04,0x01,0x00,0x01,0x40,0x01,0x08,0x01,0x00,0x01,0x20,
    0x03,0x01,0x01,0x00,0x01,0x01,0x03,0x00,0x01,0x04,0x01,0x00,0x02,0x01,0x02,0x00,
    0x01,0x10,0x01,0x30,0x01,0x10,0x06,0x00,0x01,0x30,0x01,0x70,0x01,0x20,0x02,0x00,
    0x01,0x40,0x01,0x00,0x02,0x10,0x01,0x40,0x01,0x00,0x01,0x01,0x07,0x00,0x02,0x01,
    0x02,0x00,0x01,0x54,0x01,0x0c,0x01,0x04,0x07,0x00,0x01,0x10,0x01,0x00,0x01,0x04,
    0x05,0x00,0x01,0x10,0x05,0x00,0x01,0x10,0x01,0x02,0x01,0x15,0x01,0x87,0x01,0x07,
    0x01,0x02,0x02,0x00,0x01,0x07,0x01,0x23,0x01,0x01,0x0e,0x00,0x01,0x20,0x01,0x74,
    0x01,0x22,0x0c,0x00,0x01,0x01,0x04,0x00,0x01,0x04,0x04,0x00,0x01,0x10,0x03,0x00,
    0x01,0x04,0x01,0x20,0x01,0x01,0x01,0x02,0x04,0x00,0x01,0x40,0x02,0x00,0x01,0x80,
    0x06,0x00,0x01,0x05,0x01,0x06,0x01,0x15,0x01,0x39,0x01,0x15,0x02,0x00,0x01,0x82,
    0x01,0xc5,0x02,0x00,0x01,0x0c,0x01,0x04,0x01,0x00,0x01,0x04,0x01,0x80,0x02,0x00,
    0x01,0x14,0x02,0x1c,0x04,0x00,0x02,0x80,0x01,0x08,0x05,0x00,0x01,0x42,0x01,0x00,
    0x01,0x08,0x02,0x00,0x01,0x10,0x01,0x30,0x01,0x34,0x02,0x00,0x01,0x10,0x01,0x14,
    0x03,0x00,0x01,0x40,0x01,0xe0,0x01,0x40,0x05,0x00,0x01,0x1c,0x01,0x00,0x01,0x04,
    0x01,0x00,0x01,0x10,0x01,0x30,0x01,0x50,0x01,0x00,0x02,0x01,0x0c,0x00,0x01,0x04,
    0x01,0x02,0x01,0x41,0x01,0xe0,0x01,0x40,0x04,0x00,0x01,0x03,0x01,0x01,0x08,0x00,
    0x01,0x03,0x01,0x01,0x01,0x80,0x01,0x40,0x01,0x20,0x04,0x00,0x01,0x44,0x02,0x00,
    0x01,0x10,0x12,0x00,0xe2,0x00,0x17,0x00,0x01,0x80,0x01,0x50,0x01,0xb0,0x01,0x54,
    0x01,0xfe,0x01,0x55,0x01,0xbb,0x01,0x55,0x01,0x3f,0x01,0x15,0x01,0x03,0x01,0x01,
    0x25,0x00,0x01,0x01,0x01,0x00,0x02,0x80,0x02,0x00,0x02,0x18,0x01,0x40,0x09,0x00,
    0x01,0x40,0x01,0xe0,0x01,0x50,0x01,0xb8,0x01,0x55,0x01,0xff,0x01,0x55,0x01,0x3b,
    0x01,0x55,0x01,0x0f,0x01,0x05,0x01,0x01,0x27,0x00,0x01,0x80,0x01,0x50,0x01,0xa8,
    0x01,0x40,0x01,0x00,0x01,0x01,0x08,0x00,0x01,0x80,0x01,0x40,0x01,0xa0,0x01,0x50,
    0x01,0xf8,0x01,0x55,0x01,0xbb,0x01,0x55,0x01,0xff,0x01,0x15,0x01,0x1b,0x01,0x05,
    0x01,0x03,0x01,0x01,0x28,0x00,0x01,0x80,0x01,0x50,0x01,0xa8,0x01,0x55,0x01,0xbb,
    0x01,0x55,0x01,0x0a,0x03,0x00,0x01,0x80,0x01,0x40,0x01,0xa0,0x01,0x50,0x01,0xf8,
    0x01,0x54,0x01,0xba,0x01,0x55,0x01,0xff,0x01,0x55,0x01,0x3b,0x01,0x15,0x01,0x0f,
    0x01,0x05,0x01,0x03,0x01,0x01,0x2a,0x00,0x01,0xa0,0x01,0x50,0x01,0xa8,0x01,0x55,
    0x01,0x3b,0x01,0x15,0x01,0x0a,0x01,0x05,0x03,0x00,0x01,0x54,0x01,0xba,0x01,0x55,
    0x01,0xff,0x01,0x55,0x01,0x3b,0x01,0x15,0x01,0x0f,0x01,0x05,0x01,0x03,0x01,0x01,
    0x2c,0x00,0x01,0x80,0x01,0x50,0x01,0xa0,0x01,0x54,0x01,0xaa,0x01,0x55,0x01,0x3b,
    0x01,0x15,0x01,0x02,0x01,0x01,0x07,0x00,0xca,0x00,0x2c,0x00,0x01,0x01,0xab,0x00,
    0x01,0x40,0x01,0xa0,0x01,0x40,0x01,0x80,0x01,0x40,0x01,0x80,0x01,0x40,0x01,0x80,
    0x01,0x40,0x01,0x80,0x01,0x40,0x01,0x80,0x2f,0x00,0x01,0x80,0x01,0x00,0x01,0x80,
    0x01,0x40,0x01,0x80,0x01,0x40,0x01,0x80,0x01,0x40,0x01,0x80,0x01,0x40,0x01,0xa0,
    0x01,0x40,0x01,0xa0,0x01,0x01,0x01,0x03,0x01,0x01,0x01,0x02,0x01,0x05,0x01,0x03,
    0x01,0x05,0x01,0x02,0x01,0x05,0x01,0x03,0x01,0x05,0x01,0x0a,0x01,0x05,0x01,0x0b,
    0x01,0x05,0x01,0x0a,0x01,0x15,0x01,0x0b,0x01,0x15,0x01,0x0a,0x01,0x15,0x01,0x1a,
    0x01,0x15,0x01,0x0a,0x01,0x15,0x01,0x1a,0x01,0x15,0x01,0x0a,0x01,0x15,0x01,0x1a,
    0x01,0x15,0x01,0x0a,0x01,0x15,0x01,0x1a,0x01,0x14,0x01,0x0a,0x01,0x14,0x01,0x1a,
    0x01,0x14,0x01,0x0a,0x01,0x15,0x01,0x1a,0x01,0x15,0x01,0x0a,0x01,0x15,0x01,0x1a,
    0x01,0x15,0x01,0x0a,0x01,0x15,0x01,0x1a,0x01,0x15,0x01,0x0a,0x01,0x15,0x01,0x0b,
    0x01,0x15,0x01,0x0a,0x01,0x15,0x01,0x0b,0x01,0x05,0x01,0x0a,0x01,0x05,0x01,0x03,
    0x01,0x05,0x01,0x02,0x01,0x05,0x01,0x03,0x01,0x05,0x01,0x02,0x01,0x01,0x01,0x03,
    0x01,0x01,0x01,0x00,0xfd,0x03,0x78,0x00,0x22,0x00,0x01,0x40,0x01,0xc0,0x01,0x50,
    0x01,0xb8,0x01,0x54,0x01,0xee,0x01,0x55,0x01,0x3b,0x01,0x15,0x01,0x0e,0x01,0x05,
    0x01,0x03,0x01,0x01,0x36,0x00,0x01,0x80,0x01,0x50,0x01,0xe8,0x01,0x54,0x01,0xba,
    0x01,0x55,0x01,0x2e,0x01,0x15,0x01,0x0b,0x01,0x05,0x01,0x00,0x01,0x01,0x37,0x00,
    0x01,0x40,0x01,0xa0,0x01,0x54,0x01,0xee,0x01,0x55,0x01,0xbb,0x01,0x55,0x01,0x0e,
    0x01,0x05,0x01,0x01,0x39,0x00,0x01,0x80,0x01,0x50,0x01,0xb8,0x01,0x54,0x01,0xee,
    0x01,0x55,0x01,0x3b,0x01,0x15,0x01,0x06,0x01,0x01,0x3b,0x00,0x01,0x50,0x01,0xb0,
    0x01,0x54,0x01,0xee,0x01,0x55,0x01,0x3b,0x01,0x15,0x01,0x02,0x01,0x01,0x2f,0x00,
    0x72,0x00,0x18,0x00,0x02,0x01,0x01,0x05,0x01,0x06,0x01,0x15,0x01,0x1b,0x01,0x55,
    0x01,0xee,0x01,0x55,0x01,0xb8,0x01,0x54,0x01,0xe0,0x01,0x40,0x01,0x80,0x42,0x00,
    0x01,0x01,0x01,0x03,0x01,0x05,0x01,0x0e,0x01,0x55,0x01,0xbb,0x01,0x55,0x01,0xec,
    0x01,0x50,0x01,0xa0,0x01,0x40,0x01,0x80,0x42,0x00,0x01,0x01,0x01,0x02,0x01,0x15,
    0x01,0x3b,0x01,0x55,0x01,0xee,0x01,0x55,0x01,0xb8,0x01,0x50,0x01,0x80,0x44,0x00,
    0x01,0x05,0x01,0x1b,0x01,0x55,0x01,0xee,0x01,0x55,0x01,0xba,0x01,0x54,0x01,0xe0,
    0x44,0x00,0x01,0x05,0x01,0x3b,0x01,0x55,0x01,0xee,0x01,0x55,0x01,0xba,0x01,0x50,
    0x01,0xc0,0x10,0x00,0x76,0x00,0x05,0x00,0x01,0x20,0x01,0x55,0x01,0xee,0x01,0x55,
    0x01,0xbb,0x01,0x55,0x33,0x00,0x01,0x40,0x01,0x80,0x04,0x00,0x01,0x40,0x01,0x80,
    0x01,0x40,0x01,0x08,0x05,0x00,0x01,0xba,0x01,0x55,0x01,0xee,0x01,0x55,0x01,0xbb,
    0x01,0x55,0x33,0x00,0x03,0x01,0x03,0x00,0x03,0x01,0x05,0x00,0x01,0x11,0x01,0xbb,
    0x01,0x55,0x01,0xee,0x01,0x55,0x01,0xbb,0x01,0x45,0x39,0x00,0x01,0x40,0x07,0x00,
    0x01,0x01,0x01,0xbb,0x01,0x55,0x01,0xee,0x01,0x55,0x01,0xbb,0x01,0x55,0x37,0x00,
    0x01,0x10,0x03,0x00,0x01,0x01,0x06,0x00,0x01,0x02,0x01,0x55,0x01,0xee,0x01,0x55,
    0x01,0xbb,0x01,0x55,0x01,0x80,0x27,0x00,0x01,0x02,0x14,0x00,0x08,0x01,0x02,0x00,
    0x01,0x01,0x01,0x00,0x01,0x10,0x0a,0x00,0x01,0x06,0x01,0x07,0x01,0x00,0x01,0x10,
    0x08,0x00,0x01,0x20,0x01,0x11,0x01,0x01,0x0a,0x00,0x01,0x01,0x03,0x00,0x01,0x04,
    0x01,0x00,0x03,0x01,0x02,0x00,0x01,0x80,0x01,0x40,0x01,0xc0,0x04,0x00,0x01,0x40,
    0x06,0x00,0x01,0x03,0x02,0x00,0x01,0x01,0x05,0x00,0x02,0x06,0x09,0x00,0x01,0x10,
    0x01,0x17,0x01,0x03,0x04,0x00,0x01,0x10,0x01,0x00,0x01,0x10,0x0e,0x00,0x01,0x10,
    0x01,0x04,0x05,0x00,0x01,0x04,0x01,0x00,0x01,0x04,0x01,0x00,0x01,0x10,0x01,0x00,
    0x01,0x11,0x01,0x01,0x05,0x00,0x01,0x80,0x03,0x00,0x01,0x80,0x02,0x00,0x01,0x43,
    0x01,0x03,0x08,0x00,0x01,0x10,0x01,0x00,0x01,0x11,0x01,0x10,0x04,0x00,0x01,0x01,
    0x03,0x00,0x01,0x04,0x01,0x0c,0x01,0x14,0x03,0x00,0x01,0x40,0x01,0x60,0x01,0x40,
    0x06,0x00,0x01,0x20,0x01,0x04,0x01,0x02,0x08,0x00,0x01,0x40,0x01,0x10,0x10,0x00,
    0x01,0x04,0x02,0xc0,0x03,0x00,0x01,0x04,0x01,0x0c,0x01,0x04,0x03,0x00,0x01,0x41,
    0x01,0xc0,0x01,0x40,0x05,0x00,0x01,0x01,0x01,0x08,0x01,0x10,0x06,0x00,0x01,0x80,
    0x02,0x00,0x01,0x40,0x28,0x00,0x01,0x02,0x01,0x41,0x05,0x00,0x01,0x04,0x04,0x00,
    0x01,0x80,0x04,0x00,0x01,0x10,0x05,0x00,0x02,0x88,0x02,0x00,0x01,0x40,0x01,0x20,
    0x02,0x00,0x01,0x50,0x03,0x00,0x01,0x01,0x01,0x00,0x01,0x10,0x03,0x00,0x01,0x40,
    0x05,0x00,0x01,0x10,0x08,0x00,0x01,0x80,0x04,0x00,0x01,0x01,0x09,0x00,0x01,0x10,
    0x01,0x00,0x01,0x10,0x0b,0x00,0x6a,0x00,0x3c,0x00,0x01,0x15,0x01,0xbb,0x01,0x55,
    0x01,0xee,0x01,0x55,0x01,0xba,0x01,0x50,0x05,0x00,0x01,0x04,0x08,0x00,0x01,0x80,
    0x33,0x00,0x01,0x22,0x01,0x55,0x01,0xee,0x01,0x55,0x01,0xbb,0x01,0x55,0x08,0x00,
    0x01,0x80,0x04,0x00,0x01,0x01,0x01,0x20,0x34,0x00,0x01,0x55,0x01,0xee,0x01,0x55,
    0x01,0xbb,0x01,0x55,0x05,0x00,0x01,0x10,0x01,0x20,0x3b,0x00,0x01,0xa2,0x01,0x55,
    0x01,0xee,0x01,0x55,0x01,0xbb,0x01,0x55,0x08,0x00,0x01,0x20,0x01,0x30,0x01,0x20,
    0x36,0x00,0x01,0x50,0x01,0xba,0x01,0x55,0x01,0xee,0x01,0x55,0x01,0xbb,0x01,0x15,
    0x05,0x00,0xb0,0x00,0x10,0x00,0x01,0x05,0x01,0x0b,0x01,0x55,0x01,0xee,0x01,0x55,
    0x01,0xba,0x01,0x54,0x01,0xe0,0x29,0x00,0x01,0x80,0x1a,0x00,0x01,0x05,0x01,0x1b,
    0x01,0x55,0x01,0xee,0x01,0x55,0x01,0xba,0x01,0x54,0x01,0xe0,0x01,0x40,0x1b,0x00,
    0x01,0x01,0x07,0x00,0x01,0x01,0x05,0x00,0x01,0x04,0x01,0x08,0x18,0x00,0x01,0x05,
    0x01,0x0b,0x01,0x15,0x01,0x6e,0x01,0x55,0x01,0xba,0x01,0x54,0x01,0xe0,0x01,0x50,
    0x01,0x80,0x11,0x00,0x01,0x20,0x02,0x00,0x01,0x04,0x04,0x00,0x01,0x02,0x08,0x00,
    0x01,0x01,0x01,0x03,0x01,0x01,0x1d,0x00,0x01,0x01,0x01,0x03,0x01,0x05,0x01,0x0e,
    0x01,0x55,0x01,0xbb,0x01,0x55,0x01,0xec,0x01,0x50,0x01,0xa0,0x01,0x40,0x01,0x80,
    0x11,0x00,0x01,0x30,0x01,0x10,0x03,0x00,0x01,0x10,0x05,0x00,0x01,0x10,0x02,0x00,
    0x01,0x08,0x22,0x00,0x01,0x01,0x01,0x02,0x01,0x15,0x01,0x1b,0x01,0x55,0x01,0x6e,
    0x01,0x55,0x01,0xba,0x01,0x54,0x01,0xe0,0x01,0x50,0x01,0x80,0x0f,0x00,0x01,0x80,
    0x01,0x04,0x09,0x00,0x66,0x01,0x02,0x10,0x04,0x00,0x01,0x10,0x01,0x18,0x01,0x10,
    0x01,0x20,0x04,0x00,0x01,0x04,0x08,0x00,0x01,0x80,0x01,0x01,0x01,0x00,0x02,0x04,
    0x01,0x50,0x01,0x60,0x01,0x40,0x01,0x00,0x01,0x76,0x01,0x66,0x01,0x40,0x02,0x00,
    0x01,0x10,0x05,0x00,0x01,0x80,0x01,0x14,0x01,0x20,0x01,0x00,0x01,0x09,0x01,0x01,
    0x01,0x00,0x01,0x01,0x01,0x80,0x01,0xc0,0x01,0x00,0x01,0x01,0x03,0x00,0x01,0x11,
    0x02,0x10,0x03,0x00,0x01,0x41,0x02,0x00,0x01,0x80,0x01,0x01,0x07,0x00,0x01,0x41,
    0x0b,0x00,0x01,0x01,0x01,0x03,0x01,0x15,0x01,0x18,0x01,0x40,0x01,0xc0,0x01,0x41,
    0x01,0x05,0x01,0x01,0x02,0x00,0x01,0x80,0x04,0x00,0x01,0x10,0x04,0x00,0x01,0x08,
    0x03,0x00,0x02,0x01,0x02,0x00,0x01,0x08,0x06,0x00,0x01,0x01,0x03,0x00,0x01,0x01,
    0x01,0x00,0x01,0x40,0x01,0x00,0x01,0x10,0x03,0x00,0x01,0x04,0x01,0x0e,0x01,0x04,
    0x01,0x00,0x01,0x01,0x01,0x02,0x01,0x10,0x01,0x00,0x01,0x07,0x07,0x00,0x01,0x01,
    0x01,0x00,0x01,0x10,0x06,0x00,0x01,0x02,0x01,0x07,0x01,0x00,0x01,0x04,0x05,0x00,
    0x01,0x11,0x01,0x03,0x01,0x05,0x04,0x00,0x02,0xc0,0x07,0x00,0x01,0x40,0x02,0xc0,
    0x01,0x08,0x04,0x00,0x01,0x40,0x03,0x00,0x01,0x04,0x07,0x00,0x01,0x04,0x01,0x06,
    0x01,0x07,0x02,0x00,0x01,0x20,0x01,0x30,0x04,0x00,0x01,0x20,0x04,0x00,0x01,0x01,
    0x01,0x00,0x01,0x40,0x03,0x00,0x02,0x01,0x01,0x00,0x01,0x80,0x01,0x10,0x01,0x38,
    0x01,0x1c,0x01,0x08,0x01,0x10,0x01,0x00,0x01,0x10,0x01,0x08,0x01,0x1c,0x10,0x00,
    0x02,0x80,0x01,0xa8,0x01,0x01,0x02,0x00,0x02,0x01,0x03,0x00,0x01,0x01,0x03,0x00,
    0x01,0x04,0x07,0x00,0x01,0x10,0x01,0x00,0x01,0x01,0x14,0x00,0x01,0x20,0x01,0x35,
    0x01,0xac,0x01,0x04,0x01,0x00,0x01,0x40,0x01,0x00,0x01,0x50,0x01,0x20,0x01,0x01,
    0x01,0x20,0x02,0x60,0x02,0x00,0x01,0x40,0x03,0x00,0x02,0xc0,0x01,0x40,0x05,0x00,
    0x01,0x01,0x01,0x00,0x01,0x40,0x05,0x00,0x01,0x10,0x01,0x00,0x01,0x40,0x02,0x00,
    0x01,0x80,0x02,0x00,0x01,0x40,0x03,0x00,0x01,0x40,0x09,0x00,0xb0,0x00,0x03,0x00,
    0x01,0xc0,0x01,0xc1,0x03,0x00,0x01,0x01,0x01,0x20,0x0e,0x00,0x01,0x04,0x16,0x00,
    0x01,0x80,0x01,0x50,0x01,0xb8,0x01,0x55,0x01,0xee,0x01,0x55,0x01,0x3b,0x01,0x15,
    0x01,0x02,0x01,0x01,0x13,0x00,0x01,0x01,0x26,0x00,0x01,0x80,0x01,0x50,0x01,0xb8,
    0x01,0x55,0x01,0xee,0x01,0x55,0x01,0x3b,0x01,0x15,0x01,0x02,0x01,0x01,0x19,0x00,
    0x01,0x04,0x01,0x0c,0x04,0x00,0x01,0x40,0x01,0x60,0x01,0x40,0x17,0x00,0x01,0x40,
    0x01,0xe0,0x01,0x50,0x01,0xb8,0x01,0x55,0x01,0xee,0x01,0x55,0x01,0x3b,0x01,0x05,
    0x01,0x02,0x01,0x01,0x17,0x00,0x01,0x01,0x08,0x00,0x01,0x02,0x01,0x04,0x05,0x00,
    0x01,0x01,0x10,0x00,0x01,0xa0,0x01,0x50,0x01,0xe8,0x01,0x54,0x01,0xbb,0x01,0x55,
    0x01,0x2e,0x01,0x15,0x01,0x0b,0x01,0x05,0x21,0x00,0x01,0x04,0x01,0x06,0x01,0x04,
    0x12,0x00,0x01,0x80,0x01,0x40,0x01,0xe0,0x01,0x50,0x01,0xb8,0x01,0x54,0x01,0xee,
    0x01,0x55,0x01,0x3b,0x01,0x15,0x01,0x0e,0x01,0x05,0x01,0x01,0x22,0x00,0xda,0x00,
    0x01,0x50,0x01,0xa0,0x01,0x40,0x01,0xc0,0x01,0x40,0x01,0x80,0x01,0x40,0x01,0x80,
    0x01,0x00,0x01,0x80,0x01,0xc0,0x01,0x80,0x17,0x00,0x01,0x02,0x06,0x00,0x01,0x10,
    0x03,0x00,0x01,0x10,0x03,0x00,0x01,0x40,0x01,0xe0,0x01,0x40,0x08,0x00,0x01,0x80,
    0x01,0x00,0x01,0x80,0x01,0x40,0x01,0x80,0x01,0x40,0x01,0xc0,0x01,0x40,0x01,0xe0,
    0x01,0xc0,0x01,0xe0,0x01,0x05,0x01,0x03,0x01,0x05,0x01,0x06,0x01,0x05,0x01,0x0b,
    0x01,0x05,0x01,0x0e,0x01,0x15,0x01,0x1b,0x01,0x15,0x01,0x0f,0x01,0x15,0x01,0x3b,
    0x01,0x15,0x01,0x2e,0x01,0x15,0x01,0x3a,0x01,0x55,0x01,0x2e,0x01,0x55,0x01,0x3a,
    0x01,0x54,0x01,0x2e,0x01,0x54,0x01,0x3a,0x01,0x54,0x01,0x6e,0x01,0x54,0x01,0x3a,
    0x01,0x54,0x01,0x6c,0x01,0x54,0x01,0x38,0x01,0x54,0x01,0x6c,0x01,0x54,0x01,0x38,
    0x01,0x54,0x01,0x6c,0x01,0x54,0x01,0x3a,0x01,0x54,0x01,0x6e,0x01,0x54,0x01,0x3a,
    0x01,0x54,0x01,0x2e,0x01,0x54,0x01,0x3a,0x01,0x74,0x01,0x2e,0x01,0x15,0x01,0x3a,
    0x01,0x15,0x01,0x2e,0x01,0x15,0x01,0x3b,0x01,0x15,0x01,0x0e,0x01,0x15,0x01,0x1b,
    0x01,0x15,0x01,0x0e,0x01,0x15,0x01,0x1b,0x01,0x1d,0x01,0x0e,0x01,0x05,0x01,0x03,
    0x01,0x05,0x01,0x02,0x2e,0x00,0x01,0x01,0xa9,0x00,0xff,0x03,0x4c,0x00,0x0a,0x00,
    0x01,0x40,0x01,0xa0,0x01,0x50,0x01,0xba,0x01,0x55,0x01,0x2a,0x01,0x15,0x01,0x03,
    0x01,0x05,0x3a,0x00,0x01,0x80,0x01,0x50,0x01,0xa8,0x01,0x55,0x01,0xbb,0x01,0x55,
    0x01,0x0a,0x01,0x05,0x01,0x01,0x3b,0x00,0x01,0xa0,0x01,0x50,0x01,0xa8,0x01,0x55,
    0x01,0x3b,0x01,0x15,0x01,0x0a,0x01,0x01,0x3f,0x00,0x01,0x55,0x01,0xbb,0x01,0x55,
    0x01,0x0a,0x01,0x01,0x43,0x00,0x01,0x05,0x47,0x00,0x08,0x00,0xff,0x00,0x48,0x00,
    0x01,0x80,0x20,0x00,0x50,0x00,0x34,0x00,0x01,0x01,0x01,0x03,0x01,0x05,0x01,0x0a,
    0x01,0x15,0x01,0x3b,0x01,0x54,0x01,0xa8,0x01,0x50,0x01,0x80,0x44,0x00,0x01,0x01,
    0x01,0x02,0x01,0x15,0x01,0x3b,0x01,0x55,0x01,0xaa,0x01,0x54,0x01,0xa0,0x01,0x40,
    0x43,0x00,0x01,0x01,0x01,0x02,0x01,0x15,0x01,0x3b,0x01,0x55,0x01,0xaa,0x01,0x54,
    0x01,0xb0,0x01,0x40,0x44,0x00,0x01,0x02,0x01,0x15,0x01,0x3b,0x01,0x55,0x01,0xaa,
    0x46,0x00,0x01,0x01,0x01,0x02,0x36,0x00,0x40,0x00,0x01,0x40,0x3e,0x00,0x01,0x0c,
    0x01,0x04,0x05,0x00,0x01,0x04,0x01,0x0c,0x01,0x04,0x81,0x00,0x01,0x01,0x0a,0x00,
    0x01,0x08,0x01,0x00,0x01,0x20,0x01,0x10,0x02,0x00,0x01,0x0c,0x01,0x04,0x2d,0x00,
    0x01,0x40,0x11,0x00,0x01,0x01,0x07,0x00,0x01,0x01,0x01,0xa0,0x02,0x00,0xea,0x00,
    0x01,0x07,0x01,0x00,0x01,0x40,0x09,0x00,0x01,0x04,0x01,0x30,0x01,0x10,0x03,0x00,
    0x01,0x40,0x07,0x00,0x01,0x01,0x01,0x00,0x01,0x05,0x0d,0x00,0x01,0x04,0x02,0x00,
    0x01,0x20,0x01,0x01,0x01,0x00,0x02,0x06,0x02,0x00,0x01,0x04,0x0e,0x00,0x01,0x08,
    0x03,0x00,0x01,0x08,0x01,0x11,0x0b,0x00,0x01,0x10,0x01,0x38,0x01,0x10,0x06,0x00,
    0x01,0x80,0x06,0x00,0x01,0x01,0x03,0x00,0x01,0x40,0x04,0x00,0x01,0x40,0x09,0x00,
    0x01,0x20,0x04,0x00,0x01,0x1c,0x01,0x0e,0x01,0x06,0x04,0x00,0x01,0x02,0x07,0x00,
    0x01,0x18,0x01,0x10,0x03,0x00,0x01,0x10,0x07,0x00,0x01,0x10,0x03,0x00,0x01,0x41,
    0x01,0x80,0x01,0x40,0x03,0x00,0x01,0x01,0x0b,0x00,0x01,0x40,0x05,0x00,0x01,0x04,
    0x01,0x01,0x0c,0x00,0x01,0x01,0x01,0x00,0x01,0x01,0x05,0x00,0x01,0x10,0x01,0x00,
    0x01,0x40,0x02,0x00,0x01,0x08,0x02,0x00,0x01,0x40,0x01,0x80,0x01,0x44,0x01,0x20,
    0x02,0x00,0x03,0x01,0x01,0x00,0x01,0x20,0x07,0x00,0x01,0x01,0x01,0x00,0x01,0x01,
    0x03,0x00,0x01,0x04,0x01,0x0c,0x01,0x04,0x07,0x00,0x01,0x04,0x02,0x00,0x01,0x80,
    0x09,0x00,0x01,0x0a,0x12,0x00,0x01,0x10,0x01,0x38,0x01,0x1c,0x0f,0x00,0x01,0x01,
    0x01,0x00,0x01,0x10,0x05,0x00,0x01,0x10,0x01,0x00,0x01,0x04,0x05,0x00,0x01,0x40,
    0x1a,0x00,0x01,0x20,0x12,0x00,0x01,0x01,0x03,0x00,0x26,0x00,0x02,0x00,0x01,0x40,
    0x45,0x00,0x01,0x01,0x06,0x00,0x01,0x20,0x50,0x00,0x01,0x10,0x3d,0x00,0x01,0x40,
    0x01,0x00,0x01,0x10,0x08,0x00,0x01,0x02,0x38,0x00,0x01,0x01,0x05,0x00,0x01,0x04,
    0x3f,0x00,0x9c,0x00,0x01,0x50,0x45,0x00,0x01,0x01,0x01,0x00,0x01,0x55,0x01,0xbb,
    0x01,0x54,0x01,0xa0,0x01,0x40,0x28,0x00,0x02,0x01,0x18,0x00,0x01,0x08,0x01,0x01,
    0x01,0x03,0x01,0x15,0x01,0x2a,0x01,0x55,0x01,0xba,0x01,0x54,0x01,0xa0,0x01,0x40,
    0x27,0x00,0x01,0x04,0x09,0x00,0x01,0x01,0x03,0x00,0x01,0x10,0x01,0x38,0x01,0x10,
    0x01,0x00,0x01,0x04,0x01,0x00,0x01,0x10,0x01,0x30,0x01,0x10,0x05,0x00,0x01,0x01,
    0x01,0x03,0x01,0x05,0x01,0x0a,0x01,0x55,0x01,0xbb,0x01,0x54,0x01,0xa8,0x01,0x50,
    0x01,0x80,0x1d,0x00,0x01,0x80,0x02,0x00,0x01,0x10,0x04,0x00,0x01,0x08,0x09,0x00,
    0x01,0x0e,0x01,0x04,0x13,0x00,0x01,0x05,0x01,0x0a,0x01,0x15,0x01,0x3b,0x01,0x55,
    0x01,0xa8,0x01,0x50,0x01,0xa0,0x01,0x40,0x01,0x80,0x18,0x00,0x01,0x01,0x04,0x00,
    0x02,0x80,0x03,0x00,0x01,0x40,0x06,0x00,0x01,0x80,0x02,0x00,0x01,0x40,0x07,0x00,
    0x56,0x01,0x02,0x00,0x01,0x01,0x01,0x08,0x03,0x00,0x01,0x20,0x02,0x00,0x01,0x01,
    0x03,0x00,0x01,0x40,0x01,0x00,0x01,0x01,0x02,0x00,0x01,0x02,0x01,0x10,0x01,0x38,
    0x01,0x5c,0x01,0x80,0x06,0x00,0x01,0x40,0x01,0x80,0x12,0x00,0x01,0x5d,0x01,0xcc,
    0x01,0x41,0x01,0x02,0x01,0x01,0x01,0x00,0x01,0x10,0x01,0x08,0x01,0x40,0x01,0xc0,
    0x01,0x41,0x03,0x00,0x01,0x40,0x03,0x00,0x01,0x10,0x06,0x00,0x01,0x20,0x01,0x10,
    0x01,0x30,0x01,0x50,0x04,0x00,0x01,0x08,0x01,0x10,0x09,0x00,0x03,0x01,0x02,0x00,
    0x01,0xc8,0x01,0xc0,0x01,0x40,0x01,0x01,0x01,0x00,0x01,0x4d,0x01,0xcc,0x02,0x00,
    0x01,0x10,0x01,0x20,0x05,0x00,0x01,0x08,0x01,0x10,0x01,0x00,0x01,0x40,0x01,0x90,
    0x01,0x11,0x01,0x02,0x01,0x00,0x02,0x01,0x06,0x00,0x01,0x03,0x01,0x01,0x01,0x20,
    0x04,0x00,0x01,0x40,0x04,0x00,0x01,0x02,0x01,0x00,0x01,0x02,0x0d,0x00,0x01,0x0c,
    0x01,0x04,0x01,0x60,0x01,0x40,0x02,0x00,0x01,0x02,0x01,0x17,0x03,0x00,0x01,0x01,
    0x05,0x00,0x01,0x01,0x01,0x40,0x01,0x01,0x01,0x00,0x01,0x11,0x01,0x20,0x01,0x10,
    0x02,0x00,0x01,0x02,0x02,0x00,0x01,0x01,0x01,0x00,0x01,0x10,0x05,0x00,0x01,0x01,
    0x01,0x03,0x01,0x01,0x03,0x00,0x01,0x04,0x03,0x00,0x01,0x40,0x05,0x00,0x01,0x10,
    0x01,0x18,0x01,0x01,0x03,0x00,0x01,0x01,0x03,0x00,0x01,0x04,0x08,0x00,0x01,0x08,
    0x01,0x18,0x02,0x00,0x01,0x02,0x01,0x13,0x01,0x02,0x03,0x00,0x01,0x80,0x01,0x04,
    0x01,0x0c,0x01,0x10,0x10,0x00,0x01,0x20,0x0a,0x00,0x01,0x10,0x03,0x00,0x01,0x01,
    0x04,0x00,0x01,0x18,0x01,0x1c,0x02,0x00,0x01,0x80,0x01,0xc0,0x01,0x80,0x03,0x00,
    0x01,0x08,0x06,0x00,0x01,0x05,0x03,0x00,0x01,0x44,0x03,0xc0,0x01,0x40,0x04,0x00,
    0x01,0xe0,0x01,0x40,0x08,0x00,0x01,0x02,0x01,0x07,0x09,0x00,0x01,0x44,0x01,0x06,
    0x01,0x04,0x01,0x00,0x01,0x04,0x01,0x00,0x01,0x01,0x01,0x00,0x01,0x10,0x0f,0x00,
    0x01,0x04,0x01,0x00,0x01,0x01,0x01,0x00,0x96,0x00,0x03,0x00,0x01,0x08,0x01,0x11,
    0x01,0x40,0x08,0x00,0x01,0x40,0x0b,0x00,0x01,0x04,0x2c,0x00,0x01,0xa0,0x01,0x01,
    0x01,0x02,0x0a,0x00,0x01,0x01,0x01,0x00,0x01,0x01,0x01,0x00,0x01,0x40,0x10,0x00,
    0x01,0x08,0x21,0x00,0x01,0x80,0x01,0x50,0x01,0xba,0x01,0x55,0x01,0xaa,0x0a,0x00,
    0x02,0x01,0x33,0x00,0x01,0x80,0x01,0x50,0x01,0xb8,0x01,0x55,0x01,0xaa,0x01,0x55,
    0x01,0x0b,0x01,0x05,0x0e,0x00,0x02,0x30,0x2b,0x00,0x01,0x40,0x01,0xa0,0x01,0x50,
    0x01,0xba,0x01,0x55,0x01,0x2a,0x01,0x15,0x01,0x03,0x01,0x01,0x09,0x00,0x01,0x10,
    0x01,0x0c,0x01,0x1c,0x09,0x00,0x01,0x10,0x01,0x30,0x01,0x50,0x01,0x00,0x01,0x01,
    0x01,0x03,0x01,0x00,0x01,0x08,0x01,0x10,0x1c,0x00,0x01,0x80,0x01,0x50,0x01,0xa8,
    0x01,0x54,0x01,0xba,0x01,0x55,0x01,0x0a,0x01,0x15,0x01,0x03,0x01,0x01,0x09,0x00,
    0x6c,0x01,0x18,0x00,0x01,0x40,0x03,0x00,0x01,0x04,0x02,0x00,0x01,0x30,0x01,0x14,
    0x03,0x00,0x01,0x04,0x01,0x0c,0x01,0x04,0x15,0x00,0x02,0x10,0x04,0x00,0x01,0x04,
    0x01,0x02,0x02,0x00,0x01,0x01,0x0a,0x00,0x01,0x02,0x0b,0x00,0x01,0x40,0x08,0x00,
    0x01,0x1c,0x01,0x0e,0x01,0x04,0x03,0x00,0x01,0x44,0x01,0x0c,0x03,0x00,0x01,0x06,
    0x01,0x04,0x17,0x00,0x01,0x40,0x01,0x02,0x0b,0x00,0x01,0x80,0x01,0xc0,0x19,0x00,
    0x01,0x11,0x0c,0x00,0x01,0x08,0x04,0x00,0x01,0x50,0x01,0x60,0x01,0x40,0x11,0x00,
    0x01,0x50,0x01,0x38,0x01,0x50,0x01,0xa0,0x01,0x50,0x01,0xb0,0x01,0x50,0x01,0xa0,
    0x01,0x51,0x01,0xa0,0x01,0x50,0x01,0xa0,0x01,0x40,0x01,0xa0,0x01,0x40,0x01,0x80,
    0x01,0x40,0x01,0x80,0x01,0x40,0x01,0x80,0x01,0x40,0x01,0x80,0x01,0x40,0x01,0x80,
    0x01,0x40,0x01,0x80,0x01,0x40,0x01,0x80,0x01,0x40,0x01,0x80,0x01,0x40,0x01,0x80,
    0x01,0x00,0x01,0x80,0x01,0x00,0x01,0x80,0x01,0x00,0x01,0x80,0x01,0x00,0x01,0x80,
    0x01,0x00,0x01,0x80,0x01,0x40,0x01,0x80,0x01,0x40,0x01,0x80,0x01,0x40,0x01,0x80,
    0x01,0x40,0x01,0x80,0x01,0x40,0x01,0xa0,0x01,0x40,0x01,0x80,0x01,0x40,0x01,0x80,
    0x01,0x40,0x01,0xa0,0x01,0x40,0x01,0xa0,0x01,0x50,0x01,0xa0,0x01,0x50,0x01,0xa0,
    0x01,0x50,0x01,0xa0,0x01,0x50,0x01,0xb8,0x01,0x50,0x01,0xb8,0x01,0x50,0x01,0x28,
    0x04,0x00,0x01,0x01,0x01,0x00,0x01,0x01,0x01,0x00,0x03,0x01,0x01,0x00,0x01,0x01,
    0x01,0x03,0x01,0x01,0x01,0x02,0x01,0x01,0x01,0x03,0x01,0x05,0x01,0x02,0x01,0x05,
    0x01,0x03,0x01,0x05,0x01,0x02,0x01,0x05,0x01,0x03,0x01,0x05,0x01,0x02,0x01,0x05,
    0x01,0x03,0x01,0x05,0x01,0x02,0x01,0x05,0x01,0x03,0x01,0x05,0x01,0x02,0x01,0x05,
    0x01,0x03,0x01,0x05,0x01,0x02,0x01,0x05,0x01,0x03,0x01,0x05,0x01,0x02,0x01,0x05,
    0x01,0x03,0x01,0x05,0x01,0x03,0x01,0x05,0x01,0x03,0x01,0x05,0x01,0x02,0x01,0x05,
    0x01,0x03,0x01,0x05,0x01,0x02,0x01,0x01,0x01,0x03,0x01,0x01,0x01,0x02,0x03,0x01,
    0x01,0x00,0x01,0x01,0x01,0x00,0x01,0x01,0x01,0x00,0x01,0x01,0x03,0x00,0xfd,0x03,
    0x04,0x00,0xff,0x00,0x69,0x00,0x04,0x00,0xff,0x00,0x69,0x00,0x30,0x00,0x79,0x00,
    0x01,0xc0,0x01,0x40,0x05,0x00,0x01,0x40,0x01,0xe2,0x01,0x40,0x7f,0x00,0x01,0x10,
    0x03,0x00,0x01,0x10,0x0e,0x00,0x01,0x80,0x3e,0x00,0x01,0x40,0x01,0x00,0x01,0x01,
    0x03,0x00,0x01,0x04,0x01,0x00,0x01,0x01,0x01,0x00,0x01,0x40,0x09,0x00,0xd0,0x00,
    0x0b,0x00,0x02,0x80,0x0d,0x00,0x01,0x10,0x01,0x08,0x01,0x40,0x09,0x00,0x01,0x01,
    0x03,0x00,0x01,0x40,0x05,0x00,0x01,0x04,0x01,0x20,0x01,0x70,0x01,0x20,0x01,0x10,
    0x0d,0x00,0x01,0x04,0x01,0x08,0x02,0x00,0x01,0x40,0x01,0x00,0x01,0x04,0x0a,0x00,
    0x01,0x81,0x01,0x01,0x0f,0x00,0x01,0x10,0x11,0x00,0x01,0x01,0x06,0x00,0x01,0x80,
    0x01,0xc0,0x01,0x60,0x01,0x50,0x04,0x00,0x01,0x20,0x07,0x00,0x01,0x80,0x0c,0x00,
    0x01,0x11,0x01,0x03,0x01,0x01,0x05,0x00,0x01,0x10,0x01,0x00,0x01,0x10,0x0b,0x00,
    0x01,0x04,0x03,0x00,0x01,0x44,0x01,0x00,0x01,0x10,0x07,0x00,0x01,0x04,0x02,0x00,
    0x01,0x02,0x01,0x10,0x01,0x00,0x01,0x10,0x01,0x00,0x01,0x01,0x0d,0x00,0x02,0x01,
    0x01,0x41,0x06,0x00,0x01,0x02,0x05,0x00,0x01,0x08,0x01,0x10,0x05,0x00,0x01,0xc0,
    0x01,0x80,0x04,0x00,0x01,0x10,0x03,0x00,0x01,0x40,0x01,0x00,0x01,0x04,0x0a,0x00,
    0x01,0x20,0x12,0x00,0x02,0x01,0x02,0x00,0x01,0x01,0x05,0x00,0x01,0x10,0x03,0x00,
    0x01,0x04,0x01,0x40,0x0e,0x00,0x03,0x01,0x0a,0x00,0x01,0x20,0x08,0x00,0x02,0x01,
    0x04,0x00,0x01,0x01,0x0f,0x00,0x01,0x05,0x01,0x03,0x01,0x01,0x06,0x00,0x01,0x20,
    0x1e,0x00,0x02,0x00,0x01,0x04,0x46,0x00,0x01,0x02,0x06,0x00,0x01,0x04,0x9f,0x00,
    0x01,0x41,0x31,0x00,0x01,0x01,0x05,0x00,0x01,0x40,0x04,0x00,0x01,0x08,0x3a,0x00,
    0x3c,0x00,0x2c,0x00,0x01,0x01,0x5b,0x00,0x02,0x03,0x02,0x00,0x01,0x10,0x29,0x00,
    0x01,0x04,0x1a,0x00,0x01,0x20,0x2e,0x00,0x01,0x10,0x01,0x20,0x0f,0x00,0x01,0xe0,
    0x01,0x50,0x01,0x10,0x02,0x00,0x01,0x40,0x01,0xc0,0x01,0x40,0x2d,0x00,0x01,0x40,
    0x05,0x00,0x01,0x40,0x09,0x00,0x01,0x50,0x01,0x20,0x01,0x10,0x0f,0x00,0x30,0x01,
    0x01,0x80,0x05,0x00,0x01,0x01,0x05,0x00,0x01,0x10,0x03,0x00,0x01,0x40,0x01,0x60,
    0x01,0x40,0x02,0x00,0x01,0x40,0x1a,0x00,0x01,0x10,0x03,0x00,0x01,0x07,0x01,0x03,
    0x01,0x01,0x01,0x00,0x01,0x40,0x01,0x80,0x02,0x00,0x01,0x04,0x02,0x00,0x01,0x01,
    0x01,0x00,0x01,0x40,0x06,0x00,0x01,0x11,0x05,0x00,0x01,0x40,0x01,0x00,0x01,0x01,
    0x01,0x00,0x01,0x01,0x02,0x00,0x01,0x80,0x01,0x00,0x01,0x02,0x02,0x00,0x01,0x44,
    0x01,0x00,0x01,0x11,0x01,0x30,0x1c,0x00,0x01,0x01,0x02,0x10,0x01,0x98,0x01,0x01,
    0x01,0x00,0x02,0x01,0x03,0x10,0x01,0x80,0x01,0x40,0x04,0x00,0x01,0x80,0x02,0x00,
    0x02,0x10,0x01,0x00,0x01,0x80,0x01,0xc0,0x01,0x80,0x01,0x01,0x04,0x00,0x01,0x20,
    0x0b,0x00,0x01,0x03,0x01,0x07,0x02,0x00,0x01,0x20,0x01,0x10,0x03,0x00,0x01,0x01,
    0x01,0x9b,0x01,0x11,0x04,0x00,0x01,0x80,0x06,0x00,0x01,0x10,0x02,0x00,0x01,0x80,
    0x01,0x00,0x01,0x04,0x02,0x00,0x03,0x01,0x01,0x00,0x01,0x04,0x03,0x00,0x01,0x01,
    0x01,0x07,0x01,0x45,0x01,0x80,0x08,0x00,0x01,0x01,0x03,0x00,0x01,0x01,0x08,0x00,
    0x01,0x30,0x01,0x10,0x05,0x00,0x01,0x1c,0x01,0x28,0x04,0x00,0x01,0x05,0x01,0x03,
    0x01,0x11,0x02,0x00,0x01,0x03,0x01,0x01,0x03,0x00,0x01,0x04,0x01,0x80,0x04,0x00,
    0x01,0x10,0x01,0x00,0x01,0x04,0x02,0x00,0x01,0x80,0x01,0x01,0x05,0x00,0x01,0x04,
    0x01,0x0c,0x01,0x04,0x03,0x00,0x01,0x10,0x07,0x00,0x01,0x01,0x01,0x00,0x01,0x40,
    0x01,0x00,0x01,0x04,0x0d,0x00,0x01,0x40,0x01,0xc0,0x01,0x41,0x02,0x00,0x01,0x08,
    0x01,0x1c,0x03,0x00,0x01,0x10,0x01,0x30,0x01,0x50,0x01,0x80,0x04,0x00,0x01,0x01,
    0x1d,0x00,0x01,0x05,0x01,0x08,0x01,0x01,0x02,0x00,0x01,0xc0,0x01,0x40,0x03,0x00,
    0x3c,0x00,0x0b,0x00,0x01,0x80,0x01,0x01,0x04,0x00,0x01,0x08,0x01,0x1c,0x06,0x00,
    0x01,0x08,0x04,0x00,0x01,0x01,0x31,0x00,0x01,0x10,0x01,0x20,0x01,0x01,0x44,0x00,
    0x01,0x04,0x04,0x00,0x01,0x01,0x05,0x00,0x01,0x04,0x03,0x00,0x01,0x05,0x11,0x00,
    0x01,0x10,0x2e,0x00,0x02,0x04,0x4a,0x00,0x01,0x80,0x01,0xc0,0x33,0x00,0x94,0x00,
    0x07,0x00,0x01,0x01,0x0e,0x00,0x01,0x1c,0x01,0x08,0x16,0x00,0x01,0x14,0x01,0x02,
    0x07,0x00,0x01,0x08,0x02,0x00,0x01,0x01,0x29,0x00,0x02,0x01,0x10,0x00,0x01,0x04,
    0x0a,0x00,0x01,0x04,0x01,0x00,0x01,0x08,0x01,0x14,0x01,0x0e,0x01,0x04,0x01,0x00,
    0x01,0x01,0x04,0x00,0x02,0x30,0x19,0x00,0x01,0x10,0x02,0x00,0x01,0x02,0x01,0x00,
    0x01,0x40,0x01,0x14,0x01,0x08,0x01,0x11,0x01,0x02,0x02,0x00,0x01,0x01,0x01,0x03,
    0x01,0x05,0x19,0x00,0x01,0x04,0x03,0x00,0x01,0x03,0x01,0x80,0x08,0x00,0x02,0x01,
    0x0b,0x00,0x01,0x20,0x09,0x00,0x01,0x03,0x01,0x1f,0x01,0x08,0x04,0x00,0x01,0x27,
    0x01,0x02,0x02,0x00,0x01,0x01,0x01,0x03,0x01,0x01,0x22,0x00,0x01,0x80,0x01,0xc0,
    0x1b,0x00,0x01,0x11,0x08,0x00,0x01,0x08,0x04,0x00,0x01,0x04,0x04,0x00,0x01,0x60,
    0x01,0x70,0x11,0x00,0xfa,0x03,0x04,0x00,0xff,0x00,0x69,0x00,0x28,0x00,0x40,0x00,
    0x01,0x01,0x3a,0x00,0x01,0x20,0x3e,0x00,0x01,0x14,0x01,0x0c,0x01,0x14,0x06,0x00,
    0x01,0x0c,0x01,0x1c,0x7f,0x00,0x01,0x04,0x0b,0x00,0x01,0x40,0x05,0x00,0x01,0x40,
    0x01,0x20,0x01,0x10,0x0f,0x00,0xa8,0x00,0x1a,0x00,0x01,0xc0,0x0b,0x00,0x01,0x04,
    0x09,0x00,0x01,0x44,0x13,0x00,0x01,0x40,0x0c,0x00,0x01,0x1a,0x01,0x18,0x03,0x00,
    0x01,0x40,0x01,0x80,0x0a,0x00,0x01,0x01,0x01,0x00,0x01,0x04,0x0f,0x00,0x01,0x04,
    0x02,0x00,0x01,0x20,0x03,0x00,0x01,0x03,0x01,0x07,0x01,0x02,0x1a,0x00,0x02,0x30,
    0x12,0x00,0x01,0x01,0x02,0x00,0x01,0x80,0x0f,0x00,0x01,0x80,0x02,0x00,0x01,0x40,
    0x03,0x00,0x01,0x10,0x01,0x18,0x01,0x14,0x01,0x06,0x01,0x04,0x0b,0x00,0x01,0x10,
    0x01,0x30,0x04,0x00,0x01,0x40,0x0e,0x00,0x01,0x02,0x0c,0x00,0x01,0x01,0x05,0x00,
    0x01,0x04,0x0c,0x00,0x01,0x02,0x02,0x00,0x01,0x04,0x0c,0x00,0x01,0x20,0x01,0x10,
    0x0d,0x00,0x01,0x05,0x01,0x06,0x01,0x01,0x04,0x00,0x01,0x20,0x01,0x70,0x01,0x20,
    0x03,0x00,0x01,0x02,0x02,0x00,0x01,0x10,0x03,0x00,0x01,0x01,0x0a,0x00,0x01,0x08,
    0x04,0x00,0x01,0x40,0x11,0x00,0x01,0x41,0x01,0xe0,0x01,0x40,0x04,0x00,0x01,0x02,
    0x34,0x00,0x08,0x00,0x01,0x40,0x01,0x00,0x01,0x04,0x43,0x00,0x01,0x40,0x01,0x20,
    0x06,0x00,0x01,0x40,0x45,0x00,0x01,0x01,0x07,0x00,0x01,0x40,0x35,0x00,0x01,0x10,
    0x1c,0x00,0x01,0x20,0x29,0x00,0x02,0x10,0x03,0x00,0x01,0x40,0x0e,0x00,0x01,0x80,
    0x09,0x00,0x02,0x10,0x27,0x00,0x38,0x00,0x30,0x00,0x01,0x40,0x01,0x00,0x01,0x04,
    0x0a,0x00,0x01,0x20,0x02,0x00,0x01,0x11,0x01,0x02,0x2a,0x00,0x01,0x01,0x5d,0x00,
    0x01,0x04,0x01,0x06,0x01,0x04,0x02,0x00,0x01,0x20,0x27,0x00,0x01,0x08,0x1c,0x00,
    0x01,0x40,0x2c,0x00,0x01,0x80,0x13,0x00,0x01,0x80,0x0c,0x00,0x01,0x04,0x05,0x00,
    0x4a,0x01,0x03,0x01,0x03,0x00,0x01,0x04,0x03,0x00,0x01,0x10,0x01,0x0e,0x01,0x1c,
    0x01,0x18,0x06,0x00,0x01,0x01,0x01,0x03,0x01,0x41,0x05,0x00,0x01,0x01,0x02,0x03,
    0x05,0x00,0x01,0x01,0x05,0x00,0x01,0x01,0x02,0x00,0x01,0xa0,0x01,0x00,0x01,0x38,
    0x01,0x30,0x06,0x00,0x01,0x80,0x01,0x70,0x01,0x30,0x01,0x00,0x01,0x80,0x01,0xc1,
    0x01,0x82,0x02,0x00,0x01,0x40,0x01,0xc0,0x01,0x50,0x01,0x00,0x01,0x10,0x01,0x30,
    0x01,0x10,0x05,0x00,0x01,0x01,0x05,0x00,0x01,0x10,0x05,0x00,0x01,0xc0,0x01,0x80,
    0x04,0x00,0x01,0x14,0x17,0x00,0x01,0x10,0x01,0x00,0x01,0x10,0x01,0x20,0x02,0x00,
    0x01,0x01,0x01,0x00,0x02,0x07,0x01,0x01,0x01,0x80,0x01,0x40,0x01,0x10,0x01,0x01,
    0x02,0x00,0x01,0x08,0x01,0x01,0x01,0x02,0x09,0x00,0x01,0x80,0x01,0x00,0x01,0x04,
    0x02,0x00,0x01,0x01,0x01,0x02,0x04,0x00,0x01,0x04,0x01,0x00,0x01,0x01,0x01,0x80,
    0x01,0x00,0x01,0x62,0x01,0x61,0x1e,0x00,0x01,0x02,0x01,0x41,0x01,0x20,0x01,0x74,
    0x01,0x20,0x02,0x01,0x01,0x05,0x01,0x43,0x01,0x41,0x01,0x20,0x01,0x40,0x01,0x08,
    0x07,0x00,0x01,0x40,0x02,0x00,0x02,0x04,0x0e,0x00,0x02,0x01,0x01,0x04,0x01,0x0c,
    0x01,0x04,0x01,0x00,0x01,0x40,0x01,0x80,0x03,0x00,0x01,0x0c,0x01,0x44,0x01,0xc0,
    0x01,0x40,0x11,0x00,0x01,0x10,0x01,0x00,0x01,0x10,0x01,0x02,0x01,0x07,0x02,0x00,
    0x01,0x10,0x05,0x00,0x01,0x0e,0x01,0x1d,0x03,0x00,0x01,0x01,0x01,0x02,0x01,0x10,
    0x01,0x00,0x01,0x03,0x01,0x00,0x01,0x04,0x05,0x00,0x01,0x01,0x03,0x00,0x01,0xc0,
    0x01,0x80,0x05,0x00,0x02,0x60,0x01,0x20,0x04,0x00,0x01,0x1c,0x01,0x8c,0x01,0x04,
    0x01,0x00,0x01,0x10,0x01,0x0c,0x01,0x04,0x02,0x00,0x03,0x10,0x04,0x00,0x01,0x40,
    0x01,0x00,0x01,0x10,0x01,0x20,0x02,0x00,0x01,0x05,0x01,0x08,0x06,0x00,0x02,0x30,
    0x04,0x00,0x01,0x40,0x01,0x00,0x02,0x02,0x05,0x00,0x01,0x08,0x44,0x00,0x01,0x30,
    0x47,0x00,0x01,0x10,0x11,0x00,0x01,0x01,0x05,0x00,0x01,0x10,0x01,0x20,0x06,0x00,
    0x01,0x10,0x03,0x00,0x01,0x01,0x01,0x02,0x31,0x00,0x01,0x40,0x01,0x04,0x01,0x00,
    0x01,0x01,0x15,0x00,0x01,0x10,0x01,0x20,0x2a,0x00,0x01,0x10,0x04,0x00,0x01,0x02,
    0x06,0x00,0x01,0x10,0x04,0x00,0x01,0x02,0x13,0x00,0x01,0x80,0x2b,0x00,0x02,0x30,
    0x31,0x00,0xbe,0x00,0x0a,0x00,0x02,0x01,0x01,0x11,0x01,0x18,0x01,0x14,0x01,0x02,
    0x02,0x00,0x01,0x04,0x01,0x80,0x01,0x01,0x02,0x00,0x01,0x02,0x01,0x07,0x01,0x00,
    0x01,0x04,0x06,0x00,0x01,0x02,0x01,0x04,0x01,0x0e,0x01,0x04,0x0a,0x00,0x01,0x04,
    0x08,0x00,0x01,0x44,0x01,0x00,0x01,0x10,0x01,0x18,0x01,0x10,0x01,0x20,0x02,0x00,
    0x01,0x10,0x01,0x00,0x01,0x14,0x01,0x00,0x01,0x01,0x03,0x00,0x01,0x01,0x04,0x00,
    0x01,0x20,0x01,0x40,0x05,0x00,0x01,0x01,0x05,0x00,0x01,0x0d,0x02,0x01,0x08,0x00,
    0x01,0x03,0x01,0x07,0x0b,0x00,0x01,0x01,0x01,0x03,0x01,0x04,0x02,0x00,0x01,0x80,
    0x08,0x00,0x01,0x10,0x02,0x00,0x01,0x40,0x21,0x00,0x01,0x02,0x01,0x07,0x17,0x00,
    0x01,0x04,0x01,0x02,0x01,0x01,0x07,0x00,0x01,0x01,0x01,0x02,0x08,0x00,0x01,0x40,
    0x2a,0x00,0x01,0x80,0x09,0x00,0x01,0x02,0x0a,0x00,0x01,0x01,0x03,0x00,0x01,0x05,
    0x01,0x03,0x01,0x01,0x1d,0x00,0x01,0x10,0x05,0x00,0x01,0x01,0x01,0x20,0x01,0x44,
    0x01,0x0c,0x01,0x05,0x03,0x00,0x03,0x01,0x1b,0x00,0x01,0x04,0x03,0x00,0x01,0x01,
    0x01,0x80,0xf8,0x03,0x1e,0x00,0x3c,0x00,0x01,0x10,0x07,0x00,0x01,0x01,0x78,0x00,
    0x01,0x80,0x3d,0x00,0x02,0x01,0x07,0x00,0x01,0x01,0x01,0x03,0x01,0x01,0x15,0x00,
    0x01,0x04,0x4b,0x00,0x88,0x00,0x26,0x00,0x01,0x04,0x01,0x80,0x08,0x00,0x01,0x40,
    0x30,0x00,0x02,0x10,0x01,0x00,0x01,0x40,0x0e,0x00,0x01,0x80,0x06,0x00,0x01,0x04,
    0x01,0x00,0x01,0x70,0x01,0x60,0x01,0x40,0x19,0x00,0x01,0x01,0x01,0x03,0x04,0x00,
    0x01,0x10,0x20,0x00,0x01,0x02,0x0a,0x00,0x01,0xc0,0x01,0x80,0x06,0x00,0x01,0x40,
    0x0b,0x00,0x01,0x44,0x01,0x0e,0x01,0x04,0x05,0x00,0x01,0x40,0x03,0x00,0x01,0x40,
    0x11,0x00,0x01,0x10,0x01,0x00,0x01,0x40,0x09,0x00,0x01,0x10,0x02,0x00,0x01,0x08,
    0x01,0x10,0x01,0x80,0x01,0x00,0x02,0x03,0x01,0x00,0x01,0x01,0x0d,0x00,0x01,0x10,
    0x08,0x00,0x01,0x80,0x0d,0x00,0x01,0x80,0x05,0x00,0x01,0x20,0x06,0x00,0x01,0x01,
    0x13,0x00,0x01,0x01,0x09,0x00,0x01,0x40,0x03,0x00,0x01,0x04,0x01,0x00,0x26,0x00,
    0x10,0x00,0x01,0x40,0x45,0x00,0x01,0x04,0x3b,0x00,0x01,0x04,0x09,0x00,0x01,0x04,
    0x03,0x00,0x02,0x10,0x02,0x00,0x01,0x10,0x7c,0x00,0x01,0x20,0x05,0x00,0x01,0x04,
    0x1e,0x00,0x01,0x04,0x21,0x00,0x46,0x00,0x1a,0x00,0x01,0x01,0x17,0x00,0x01,0x04,
    0x02,0x00,0x01,0x02,0x02,0x00,0x01,0x10,0x0d,0x00,0x01,0x04,0x2c,0x00,0x01,0x08,
    0x05,0x00,0x01,0x10,0x01,0x01,0x04,0x00,0x01,0x80,0x01,0x40,0x01,0x00,0x01,0x14,
    0x2b,0x00,0x01,0x04,0x0b,0x00,0x01,0x01,0x1c,0x00,0x01,0x08,0x35,0x00,0x02,0x18,
    0x29,0x00,0x01,0x40,0x2a,0x00,0x01,0x80,0x01,0xc0,0x01,0x80,0x02,0x00,0x46,0x01,
    0x01,0x00,0x01,0x80,0x01,0x40,0x03,0x00,0x01,0x10,0x01,0x00,0x01,0x01,0x0a,0x00,
    0x01,0x20,0x07,0x00,0x01,0x80,0x02,0x18,0x06,0x00,0x01,0x01,0x03,0x00,0x01,0x10,
    0x01,0x80,0x01,0x10,0x03,0x00,0x01,0x04,0x01,0x06,0x01,0x00,0x01,0x02,0x07,0x00,
    0x02,0x0c,0x03,0x00,0x02,0x18,0x01,0x05,0x01,0x06,0x01,0x04,0x04,0x00,0x01,0x04,
    0x04,0x00,0x01,0x10,0x03,0x00,0x01,0x10,0x01,0x08,0x01,0x1c,0x01,0x38,0x01,0x10,
    0x06,0x00,0x01,0x02,0x01,0x07,0x01,0x02,0x04,0x00,0x02,0x01,0x01,0x05,0x01,0x06,
    0x01,0x04,0x01,0x00,0x01,0x01,0x04,0x00,0x01,0x03,0x01,0x00,0x01,0x20,0x03,0x01,
    0x03,0x00,0x01,0x40,0x01,0x00,0x01,0x50,0x01,0x60,0x01,0x40,0x07,0x00,0x01,0x40,
    0x01,0x60,0x02,0x00,0x01,0x04,0x01,0x80,0x03,0x00,0x01,0x80,0x02,0x00,0x01,0x40,
    0x01,0x60,0x01,0x00,0x01,0x02,0x06,0x00,0x01,0x40,0x0d,0x00,0x01,0x41,0x01,0x00,
    0x01,0x01,0x01,0x02,0x13,0x00,0x01,0x02,0x01,0x40,0x01,0x20,0x01,0x40,0x01,0x00,
    0x01,0x40,0x01,0x00,0x01,0x02,0x01,0x00,0x01,0x04,0x02,0x1e,0x01,0x0e,0x01,0x04,
    0x01,0x00,0x01,0x40,0x01,0x00,0x02,0x01,0x01,0x10,0x01,0x00,0x02,0x05,0x01,0x01,
    0x05,0x00,0x01,0x10,0x03,0x00,0x01,0x04,0x05,0x00,0x01,0x10,0x02,0x00,0x01,0x03,
    0x01,0x43,0x01,0x00,0x01,0x04,0x01,0x82,0x20,0x00,0x01,0x14,0x01,0x00,0x01,0x80,
    0x01,0x88,0x01,0x00,0x01,0x02,0x01,0x17,0x01,0x02,0x01,0x1c,0x01,0x08,0x04,0x00,
    0x01,0x10,0x01,0x00,0x01,0x01,0x04,0x00,0x01,0x20,0x08,0x00,0x01,0x10,0x04,0x00,
    0x01,0x02,0x02,0x00,0x01,0x05,0x01,0x01,0x01,0x51,0x01,0x30,0x01,0x50,0x06,0x00,
    0x01,0x30,0x01,0x70,0x14,0x00,0x01,0x80,0x01,0x40,0x02,0x19,0x01,0x01,0x01,0x11,
    0x02,0x00,0x01,0x40,0x01,0x01,0x01,0x00,0x01,0x01,0x01,0x00,0x01,0x71,0x01,0x70,
    0x01,0x50,0x04,0x00,0x01,0x08,0x74,0x00,0x04,0x00,0x01,0x01,0x05,0x00,0x01,0x04,
    0x04,0x00,0x01,0x03,0x01,0x01,0x03,0x00,0x01,0x04,0x07,0x00,0x01,0x04,0x05,0x00,
    0x01,0x10,0x07,0x00,0x01,0x40,0x01,0x00,0x01,0x01,0x07,0x00,0x01,0x05,0x01,0x01,
    0x16,0x00,0x01,0x40,0x25,0x00,0x01,0x40,0x1d,0x00,0x01,0x14,0x02,0x00,0x01,0x22,
    0x01,0x30,0x01,0x20,0x13,0x00,0x01,0x04,0x04,0x00,0x02,0x60,0x0b,0x00,0x02,0x04,
    0x1d,0x00,0x01,0x40,0x01,0x00,0x01,0x01,0x02,0x00,0x01,0x08,0x0e,0x00,0x01,0x10,
    0x01,0x00,0x01,0x04,0x41,0x00,0x01,0x40,0x01,0x00,0x01,0x01,0x03,0x00,0x01,0x10,
    0x06,0x00,0x01,0x80,0x03,0x00,0x01,0x10,0x01,0x50,0x23,0x00,0xcc,0x00,0x08,0x00,
    0x01,0x40,0x01,0x02,0x01,0x46,0x01,0x87,0x01,0x07,0x01,0x02,0x05,0x00,0x01,0x03,
    0x01,0x43,0x01,0x02,0x05,0x00,0x01,0x20,0x0e,0x00,0x01,0x40,0x01,0xc0,0x01,0x50,
    0x02,0x00,0x01,0x02,0x20,0x00,0x01,0x10,0x01,0x30,0x01,0x50,0x01,0x00,0x01,0x1c,
    0x01,0x88,0x04,0x00,0x01,0x10,0x01,0x00,0x01,0x40,0x01,0x00,0x02,0xc0,0x01,0x00,
    0x01,0x80,0x07,0x00,0x01,0x80,0x01,0x00,0x01,0x80,0x0b,0x00,0x01,0x80,0x08,0x00,
    0x01,0x10,0x0a,0x00,0x01,0x80,0x02,0x00,0x01,0x40,0x0b,0x00,0x01,0x05,0x01,0x02,
    0x01,0x41,0x03,0x00,0x01,0x01,0x02,0x60,0x0a,0x00,0x01,0x80,0x01,0xc0,0x01,0x00,
    0x05,0x01,0x05,0x00,0x01,0x40,0x01,0xc0,0x0d,0x00,0x01,0x11,0x02,0x00,0x01,0x07,
    0x01,0x06,0x01,0x04,0x03,0x00,0x01,0x04,0x01,0x00,0x01,0x04,0x06,0x00,0x02,0x10,
    0x0c,0x00,0x01,0x02,0x01,0x01,0x02,0x00,0x01,0x80,0x06,0x00,0x01,0x01,0x01,0x00,
    0x01,0x01,0x0d,0x00,0x01,0x01,0x02,0x00,0x01,0x80,0x01,0x40,0x09,0x00,0x01,0x04,
    0x01,0x80,0x01,0x10,0x20,0x00,0x02,0x01,0x05,0x00,0x01,0x20,0x11,0x00,0x01,0x04,
    0x12,0x00,0x01,0x80,0x01,0x00,0x01,0x20,0x04,0x00,0xf8,0x03,0x20,0x00,0x3f,0x00,
    0x02,0x10,0x05,0x00,0x01,0x01,0x37,0x00,0x01,0x01,0x76,0x00,0x01,0x20,0x01,0x40,
    0x07,0x00,0x01,0x40,0x01,0x60,0x01,0x41,0x5f,0x00,0x01,0x01,0x07,0x00,0x76,0x00,
    0x03,0x00,0x01,0x01,0x22,0x00,0x01,0x40,0x1a,0x00,0x01,0x02,0x02,0x00,0x01,0x01,
    0x29,0x00,0x01,0x10,0x0a,0x00,0x01,0x08,0x1b,0x00,0x01,0x20,0x01,0x44,0x11,0x00,
    0x02,0x02,0x01,0x01,0x01,0x00,0x01,0x10,0x0f,0x00,0x01,0x10,0x05,0x00,0x01,0x01,
    0x02,0x00,0x01,0x0c,0x01,0x04,0x01,0x00,0x01,0x04,0x29,0x00,0x01,0x04,0x1d,0x00,
    0x02,0xc0,0x01,0x00,0x01,0x20,0x01,0x30,0x01,0x20,0x06,0x00,0x01,0x10,0x07,0x00,
    0x01,0x10,0x01,0x03,0x01,0x01,0x06,0x00,0x01,0x20,0x02,0x00,0x01,0x10,0x0f,0x00,
    0x01,0x10,0x06,0x00,0x01,0x20,0x08,0x00,0x01,0x04,0x04,0x00,0x01,0x22,0x02,0x00,
    0x01,0x01,0x01,0x20,0x0e,0x00,0x28,0x00,0x0a,0x00,0x01,0x04,0x01,0x08,0x3c,0x00,
    0x01,0x01,0x01,0x02,0x01,0x05,0x10,0x00,0x01,0x80,0x82,0x00,0x01,0x01,0x09,0x00,
    0x01,0x01,0x05,0x00,0x01,0x04,0x03,0x00,0x01,0x04,0x4d,0x00,0x01,0x02,0x27,0x00,
    0x60,0x00,0x1b,0x00,0x01,0x20,0x01,0x70,0x01,0x20,0x14,0x00,0x01,0x01,0x0d,0x00,
    0x05,0x01,0x0f,0x00,0x01,0x04,0x05,0x00,0x01,0x01,0x19,0x00,0x01,0x14,0x01,0x18,
    0x05,0x00,0x01,0x20,0x0d,0x00,0x01,0x08,0x2c,0x00,0x01,0x10,0x04,0x00,0x01,0x22,
    0x07,0x00,0x01,0x80,0x01,0x00,0x02,0x40,0x0b,0x00,0x01,0x04,0x01,0x06,0x01,0x04,
    0x01,0x00,0x01,0x40,0x18,0x00,0x01,0x08,0x0d,0x00,0x01,0x02,0x0c,0x00,0x01,0x01,
    0x0f,0x00,0x01,0x40,0x34,0x00,0x01,0xc0,0x01,0x40,0x14,0x00,0x01,0x08,0x01,0x1c,
    0x01,0x00,0x2c,0x01,0x02,0x00,0x01,0x07,0x01,0x06,0x01,0x05,0x07,0x00,0x01,0x40,
    0x01,0x80,0x01,0x01,0x01,0x40,0x01,0x00,0x01,0x20,0x05,0x00,0x01,0x20,0x01,0x70,
    0x02,0x01,0x05,0x00,0x01,0x01,0x0a,0x00,0x01,0x20,0x02,0x00,0x01,0x01,0x08,0x00,
    0x01,0x80,0x01,0x40,0x0c,0x00,0x01,0x08,0x02,0x00,0x02,0x80,0x01,0x00,0x01,0x20,
    0x0d,0x00,0x01,0x40,0x01,0x41,0x09,0x00,0x02,0x30,0x06,0x00,0x01,0x01,0x04,0x00,
    0x01,0x20,0x01,0x10,0x03,0x00,0x01,0x1c,0x01,0x0c,0x02,0x00,0x01,0x04,0x07,0x00,
    0x01,0x1c,0x01,0x18,0x01,0x10,0x03,0x00,0x02,0x30,0x01,0x04,0x01,0x0c,0x04,0x00,
    0x01,0x01,0x02,0x00,0x01,0x20,0x02,0x00,0x01,0x40,0x01,0x00,0x01,0x70,0x01,0x30,
    0x01,0x40,0x01,0x60,0x06,0x00,0x01,0x04,0x01,0x0c,0x01,0x14,0x05,0x00,0x01,0x07,
    0x01,0x0f,0x01,0x1c,0x01,0x08,0x02,0x00,0x01,0x01,0x04,0x00,0x01,0x02,0x01,0x04,
    0x01,0x00,0x01,0x01,0x01,0x02,0x01,0x05,0x05,0x00,0x01,0x40,0x01,0x80,0x01,0xc0,
    0x08,0x00,0x02,0x80,0x08,0x00,0x01,0x80,0x02,0x00,0x01,0x10,0x14,0x00,0x01,0x22,
    0x02,0x00,0x01,0x04,0x15,0x00,0x01,0x05,0x01,0x00,0x03,0x01,0x02,0x00,0x01,0x08,
    0x01,0x00,0x01,0x08,0x01,0x58,0x01,0x38,0x01,0x7c,0x01,0x08,0x01,0x01,0x02,0x00,
    0x01,0x02,0x01,0x06,0x01,0x02,0x01,0x40,0x01,0x00,0x01,0x10,0x01,0x16,0x01,0x04,
    0x01,0x00,0x01,0x40,0x03,0x00,0x01,0x30,0x01,0x00,0x01,0x01,0x04,0x00,0x01,0x80,
    0x02,0x00,0x01,0x04,0x01,0x08,0x01,0x14,0x01,0x00,0x01,0x10,0x03,0x00,0x01,0x01,
    0x19,0x00,0x01,0x01,0x01,0x00,0x01,0x01,0x01,0x00,0x01,0x01,0x01,0x60,0x03,0x00,
    0x01,0x20,0x02,0x00,0x01,0x1c,0x01,0x38,0x01,0x71,0x07,0x00,0x01,0x10,0x01,0x00,
    0x7e,0x00,0x01,0x04,0x09,0x00,0x01,0xc0,0x01,0x80,0x04,0x00,0x01,0x40,0x01,0x80,
    0x24,0x00,0x01,0x40,0x19,0x00,0x01,0x04,0x01,0x00,0x01,0x01,0x01,0x00,0x01,0x01,
    0x01,0x00,0x01,0x04,0x01,0x00,0x02,0x01,0x02,0x00,0x01,0x07,0x01,0x03,0x03,0x00,
    0x01,0x08,0x08,0x00,0x01,0x04,0x0e,0x00,0x01,0x80,0x02,0x00,0x01,0x01,0x08,0x00,
    0x01,0x02,0x54,0x00,0x01,0x01,0x01,0x00,0x01,0x50,0x01,0x10,0x01,0x00,0x01,0x08,
    0x01,0x50,0x01,0xc0,0x01,0x41,0x15,0x00,0x01,0x10,0x02,0x00,0x01,0x80,0x0e,0x00,
    0x01,0x10,0x15,0x00,0x01,0x01,0x07,0x00,0x01,0x01,0x01,0x00,0x01,0x04,0x01,0x00,
    0x01,0x20,0x0f,0x00,0x01,0x40,0x07,0x00,0x01,0x01,0x09,0x00,0x01,0x01,0x19,0x00,
    0xe2,0x00,0x01,0x10,0x01,0x00,0x01,0x40,0x07,0x00,0x02,0x01,0x02,0x00,0x01,0x04,
    0x07,0x00,0x01,0x10,0x02,0x00,0x01,0x02,0x07,0x00,0x01,0x80,0x01,0x40,0x08,0x00,
    0x01,0x80,0x02,0x00,0x01,0x04,0x01,0x80,0x08,0x00,0x01,0x40,0x04,0x00,0x01,0x02,
    0x0f,0x00,0x01,0x02,0x01,0x00,0x01,0x01,0x01,0x41,0x01,0x80,0x01,0x40,0x01,0xe0,
    0x01,0x40,0x05,0x00,0x01,0x60,0x01,0xe0,0x0c,0x00,0x03,0x01,0x0c,0x00,0x01,0x01,
    0x01,0x41,0x05,0x00,0x01,0x04,0x01,0x00,0x01,0x01,0x01,0x00,0x01,0x04,0x05,0x00,
    0x01,0x10,0x0d,0x00,0x01,0x10,0x01,0x00,0x01,0x01,0x01,0x00,0x01,0x11,0x08,0x00,
    0x01,0x10,0x06,0x00,0x01,0x04,0x0f,0x00,0x01,0x10,0x01,0x38,0x01,0x11,0x01,0x02,
    0x22,0x00,0x01,0x1c,0x01,0x88,0x01,0x40,0x01,0x03,0x01,0x33,0x03,0x00,0x01,0x04,
    0x01,0x00,0x01,0x10,0x02,0x00,0x02,0x30,0x02,0x00,0x01,0x20,0x06,0x00,0x01,0x40,
    0x01,0x60,0x01,0x40,0x01,0x60,0x0c,0x00,0x01,0x40,0x09,0x00,0x01,0x44,0x03,0x00,
    0x02,0x80,0x05,0x00,0x01,0x20,0x01,0x00,0x01,0x80,0x08,0x00,0x02,0x01,0x01,0x11,
    0x05,0x00,0x01,0x10,0x01,0x38,0x0a,0x00,0x01,0x40,0x01,0x60,0x01,0x40,0x0c,0x00,
    0x01,0x30,0x01,0x70,0x0d,0x00,0x01,0x04,0x03,0x00,0x03,0x01,0x02,0x00,0x01,0x02,
    0x01,0x01,0x03,0x00,0xf8,0x03,0x32,0x00,0x40,0x00,0x01,0x10,0x01,0x38,0x01,0x10,
    0x36,0x00,0x01,0x20,0x01,0x40,0x58,0x00,0x01,0x02,0x01,0x07,0x01,0x00,0x01,0x04,
    0x23,0x00,0x01,0x40,0x3b,0x00,0x01,0x10,0x01,0x30,0x01,0x10,0x07,0x00,0x01,0x10,
    0x01,0x30,0x01,0x10,0x18,0x00,0x01,0x80,0x0c,0x00,0x52,0x00,0x44,0x00,0x01,0x50,
    0x2a,0x00,0x02,0x10,0x36,0x00,0x01,0x80,0x02,0x00,0x01,0x40,0x0c,0x00,0x01,0x02,
    0x0a,0x00,0x01,0x41,0x01,0x20,0x17,0x00,0x01,0x18,0x01,0x11,0x17,0x00,0x01,0x04,
    0x0f,0x00,0x01,0x04,0x04,0x00,0x01,0x20,0x03,0x00,0x02,0x03,0x01,0x00,0x01,0x01,
    0x12,0x00,0x02,0xc0,0x05,0x00,0x01,0x01,0x0d,0x00,0x01,0x01,0x01,0x02,0x1f,0x00,
    0x01,0x20,0x01,0x70,0x01,0x20,0x01,0x10,0x01,0x18,0x01,0x14,0x09,0x00,0x28,0x00,
    0x4d,0x00,0x01,0xc0,0x01,0x40,0x08,0x00,0x01,0x01,0x38,0x00,0x01,0x04,0x17,0x00,
    0x01,0x10,0x02,0x00,0x01,0x02,0x36,0x00,0x02,0x40,0x0a,0x00,0x01,0x40,0x08,0x00,
    0x01,0x80,0x44,0x00,0x01,0x01,0x2b,0x00,0x62,0x00,0x04,0x00,0x01,0x01,0x24,0x00,
    0x01,0x02,0x0c,0x00,0x01,0x40,0x25,0x00,0x02,0xc0,0x17,0x00,0x01,0x02,0x0e,0x00,
    0x01,0x01,0x01,0x03,0x01,0x01,0x01,0x03,0x0c,0x00,0x02,0x10,0x04,0x00,0x01,0x04,
    0x1c,0x00,0x02,0x30,0x01,0x10,0x04,0x00,0x01,0x40,0x0e,0x00,0x01,0x20,0x2a,0x00,
    0x01,0x40,0x04,0x00,0x01,0x08,0x0b,0x00,0x01,0x20,0x0c,0x00,0x02,0x18,0x26,0x00,
    0x01,0x10,0x07,0x00,0x01,0x01,0x05,0x00,0x01,0x04,0x01,0x00,0x01,0x04,0x01,0x00,
    0x01,0x01,0x11,0x00,0x01,0x01,0x02,0x00,0x01,0x02,0x02,0x00,0x04,0x01,0x01,0x10,
    0x01,0x00,0x02,0x40,0x06,0x00,0x01,0x20,0x02,0x00,0x01,0x08,0x04,0x00,0x01,0x01,
    0x01,0x00,0x01,0x40,0x04,0x00,0x01,0x80,0x04,0x00,0x01,0x10,0x27,0x00,0x01,0x50,
    0x01,0x00,0x01,0x04,0x02,0x0c,0x01,0x08,0x06,0x00,0x01,0xc1,0x01,0x80,0x01,0x04,
    0x03,0x00,0x01,0x40,0x05,0x00,0x01,0x40,0x01,0xc0,0x01,0x11,0x01,0x02,0x01,0x01,
    0x05,0x00,0x01,0x03,0x09,0x00,0x01,0x10,0x01,0x00,0x01,0x40,0x1a,0x00,0x01,0x10,
    0x04,0x00,0x01,0x04,0x05,0x00,0x03,0x01,0x01,0x00,0x01,0x01,0x02,0x00,0x01,0x02,
    0x0a,0x00,0x01,0x40,0x01,0x20,0x09,0x00,0x01,0x80,0x02,0x00,0x01,0x40,0x04,0x00,
    0x01,0x30,0x01,0x10,0x01,0x00,0x01,0x04,0x01,0x08,0x04,0x00,0x02,0x01,0x01,0x00,
    0x01,0x20,0x01,0x70,0x01,0x20,0x04,0x00,0x01,0x40,0x01,0x00,0x01,0x10,0x01,0x18,
    0x03,0x00,0x01,0x80,0x04,0x00,0x01,0x40,0x01,0xc0,0x01,0x00,0x01,0x80,0x06,0x00,
    0x01,0x01,0x01,0x20,0x01,0x70,0x01,0x20,0x06,0x00,0x01,0x04,0x01,0x2c,0x01,0x74,
    0x01,0x20,0x02,0x00,0x01,0x04,0x04,0x00,0x02,0x10,0x02,0x00,0x01,0x08,0x01,0x1c,
    0x1d,0x00,0x01,0x01,0x03,0x00,0x03,0x01,0x01,0x00,0x02,0x01,0x0a,0x00,0x01,0x10,
    0x02,0x00,0x01,0x20,0x16,0x00,0x01,0x04,0x01,0x00,0x01,0x11,0x01,0x00,0x02,0x06,
    0x01,0x00,0x01,0x20,0x01,0x40,0x01,0x00,0x01,0x40,0x01,0x60,0x01,0xc0,0x01,0xe0,
    0x01,0x44,0x01,0x06,0x01,0x04,0x03,0x00,0x01,0x10,0x01,0x18,0x02,0x00,0x01,0x40,
    0x01,0x1a,0x78,0x00,0x01,0x00,0x01,0x20,0x01,0x40,0x03,0x00,0x01,0x10,0x01,0x18,
    0x01,0x10,0x01,0x00,0x01,0x40,0x07,0x00,0x01,0x40,0x0c,0x00,0x01,0x20,0x0b,0x00,
    0x01,0xc0,0x01,0x40,0x20,0x00,0x01,0x08,0x38,0x00,0x01,0x40,0x18,0x00,0x01,0x03,
    0x01,0x01,0x01,0x00,0x01,0x10,0x01,0x00,0x01,0x01,0x01,0x03,0x01,0x01,0x03,0x00,
    0x01,0x04,0x01,0x0c,0x02,0x00,0x01,0x10,0x09,0x00,0x01,0x10,0x06,0x00,0x01,0x80,
    0x0a,0x00,0x01,0x04,0x09,0x00,0x01,0x14,0x3a,0x00,0x01,0x02,0x01,0x01,0x15,0x00,
    0x01,0x04,0x02,0x00,0x01,0x80,0x02,0x00,0x01,0x40,0x01,0x00,0x01,0x04,0x16,0x00,
    0x01,0x40,0x12,0x00,0x01,0x04,0x01,0x00,0x01,0x40,0x0d,0x00,0xa0,0x00,0x08,0x00,
    0x01,0x53,0x01,0x23,0x01,0x50,0x0d,0x00,0x01,0x01,0x05,0x00,0x01,0x40,0x07,0x00,
    0x01,0x10,0x03,0x00,0x01,0x01,0x07,0x00,0x01,0x10,0x14,0x00,0x01,0x20,0x08,0x00,
    0x01,0x70,0x01,0x20,0x04,0x00,0x01,0x05,0x01,0x03,0x01,0x01,0x05,0x00,0x01,0x1c,
    0x01,0x08,0x01,0x40,0x25,0x00,0x01,0x40,0x07,0x00,0x01,0x01,0x04,0x00,0x01,0x80,
    0x02,0x00,0x01,0x40,0x0d,0x00,0x01,0x04,0x0b,0x00,0x02,0x30,0x0a,0x00,0x01,0x10,
    0x01,0x00,0x01,0x01,0x01,0x00,0x01,0x50,0x01,0x20,0x01,0x40,0x07,0x00,0x01,0x10,
    0x13,0x00,0x01,0x10,0x02,0x30,0x01,0x18,0x03,0x10,0x03,0x00,0x01,0x10,0x01,0x18,
    0x01,0x14,0x1b,0x00,0x01,0x40,0x01,0x00,0x01,0x10,0x0b,0x00,0x01,0x01,0x05,0x00,
    0x01,0x04,0x0a,0x00,0x01,0x02,0x04,0x00,0x01,0xc0,0x01,0x80,0x06,0x00,0x01,0x04,
    0x07,0x00,0x01,0x01,0x0f,0x00,0x01,0x04,0x01,0x0e,0x01,0x04,0x1b,0x00,0xf8,0x03,
    0x26,0x00,0x45,0x00,0x01,0x02,0x37,0x00,0x01,0x80,0x06,0x00,0x01,0x07,0x01,0x06,
    0x01,0x04,0x35,0x00,0x01,0x10,0x12,0x00,0x01,0x80,0x46,0x00,0x03,0x01,0x01,0x00,
    0x01,0x01,0x21,0x00,0x01,0x10,0x2b,0x00,0x4c,0x00,0x26,0x00,0x01,0x04,0x21,0x00,
    0x01,0x04,0x43,0x00,0x01,0x10,0x01,0x18,0x01,0x04,0x28,0x00,0x01,0x84,0x0c,0x00,
    0x01,0x40,0x16,0x00,0x01,0x80,0x11,0x00,0x01,0x20,0x02,0x00,0x01,0x10,0x1b,0x00,
    0x01,0x10,0x01,0x00,0x01,0xc0,0x01,0x80,0x12,0x00,0x01,0x04,0x01,0x0c,0x06,0x00,
    0x01,0x40,0x11,0x00,0x01,0x01,0x0f,0x00,0x01,0x01,0x01,0x02,0x04,0x00,0x01,0x10,
    0x03,0x00,0x01,0x01,0x11,0x00,0x1c,0x00,0x99,0x00,0x01,0x30,0x01,0x10,0x14,0x00,
    0x01,0x80,0x2c,0x00,0x01,0x01,0x19,0x00,0x01,0x04,0x39,0x00,0x01,0x10,0x0a,0x00,
    0x01,0x20,0x2c,0x00,0x5a,0x00,0x13,0x00,0x01,0x02,0x10,0x00,0x01,0x01,0x0d,0x00,
    0x01,0x14,0x01,0x0c,0x01,0x14,0x09,0x00,0x01,0x40,0x01,0x60,0x01,0x10,0x01,0x30,
    0x01,0x10,0x04,0x00,0x01,0x40,0x22,0x00,0x01,0x01,0x01,0x00,0x01,0x04,0x54,0x00,
    0x02,0x01,0x05,0x00,0x01,0x04,0x01,0x06,0x01,0x04,0x01,0x0c,0x10,0x00,0x01,0x10,
    0x08,0x00,0x01,0x02,0x01,0x01,0x12,0x00,0x02,0xc0,0x01,0x00,0x01,0x40,0x14,0x00,
    0x01,0x80,0x30,0x00,0x01,0x01,0x06,0x00,0x01,0x02,0x10,0x00,0x02,0x40,0x0c,0x00,
    0xbc,0x00,0x02,0x00,0x02,0x40,0x05,0x00,0x02,0x10,0x13,0x00,0x01,0x01,0x31,0x00,
    0x01,0x40,0x03,0x00,0x01,0x10,0x03,0x00,0x01,0x01,0x01,0x02,0x0c,0x00,0x01,0x40,
    0x17,0x00,0x01,0x01,0x10,0x00,0x01,0x80,0x01,0x10,0x01,0x20,0x01,0x01,0x06,0x00,
    0x01,0x02,0x01,0x00,0x01,0x08,0x08,0x00,0x01,0x01,0x01,0x80,0x02,0x00,0x01,0x44,
    0x01,0x06,0x01,0x04,0x05,0x00,0x01,0x04,0x0a,0x00,0x01,0x40,0x03,0x00,0x01,0x08,
    0x1b,0x00,0x01,0x10,0x05,0x00,0x01,0x02,0x01,0x07,0x02,0x00,0x01,0x02,0x01,0x01,
    0x05,0x00,0x01,0x01,0x01,0x03,0x01,0x01,0x0d,0x00,0x01,0x10,0x07,0x00,0x01,0x01,
    0x03,0x00,0x01,0x40,0x01,0xc0,0x01,0x40,0x01,0x20,0x01,0x40,0x03,0x00,0x01,0x04,
    0x02,0x00,0x01,0x04,0x01,0x00,0x01,0x80,0x01,0xc0,0x06,0x00,0x01,0x20,0x01,0x40,
    0x0f,0x00,0x02,0x04,0x01,0x00,0x01,0x80,0x01,0x40,0x07,0x00,0x01,0x70,0x01,0xa3,
    0x01,0x01,0x03,0x00,0x01,0x10,0x05,0x00,0x01,0x40,0x01,0x02,0x01,0x00,0x01,0x20,
    0x01,0x71,0x01,0x20,0x11,0x00,0x02,0x01,0x04,0x00,0x02,0x03,0x03,0x00,0x68,0x00,
    0x02,0x00,0x01,0x44,0x1f,0x00,0x01,0x04,0x0c,0x00,0x01,0x08,0x1e,0x00,0x01,0x40,
    0x05,0x00,0x02,0x30,0x04,0x00,0x01,0x01,0x04,0x00,0x01,0x80,0x0a,0x00,0x02,0x01,
    0x01,0x40,0x0d,0x00,0x02,0x80,0x1c,0x00,0x01,0x10,0x07,0x00,0x01,0x01,0x15,0x00,
    0x01,0x01,0x0b,0x00,0x01,0x01,0x25,0x00,0x01,0x10,0x01,0x20,0x02,0x00,0x01,0x04,
    0x01,0x0c,0x01,0x04,0x01,0x00,0x01,0x40,0x02,0x0c,0x03,0x00,0x01,0x10,0x01,0x30,
    0x01,0x10,0x02,0x00,0x01,0x80,0x0a,0x00,0x01,0x40,0x15,0x00,0x02,0x01,0x37,0x00,
    0x01,0x02,0x08,0x00,0x01,0x08,0x09,0x00,0xb0,0x00,0x02,0x00,0x01,0x10,0x14,0x00,
    0x01,0x88,0x03,0x00,0x01,0x80,0x01,0x04,0x01,0x0e,0x01,0x04,0x01,0x80,0x07,0x00,
    0x01,0x20,0x07,0x00,0x01,0x08,0x04,0x00,0x01,0x50,0x11,0x00,0x01,0x40,0x07,0x00,
    0x01,0x40,0x01,0x60,0x01,0x70,0x07,0x00,0x01,0x10,0x01,0x18,0x05,0x00,0x01,0x05,
    0x01,0x45,0x05,0x00,0x03,0x01,0x03,0x00,0x01,0x04,0x01,0x00,0x01,0x04,0x03,0x00,
    0x01,0x10,0x05,0x00,0x01,0x04,0x05,0x00,0x01,0x01,0x05,0x00,0x01,0x04,0x01,0x0c,
    0x01,0x04,0x03,0x00,0x01,0x10,0x0c,0x00,0x01,0x08,0x01,0x04,0x05,0x00,0x01,0x40,
    0x01,0xc0,0x0f,0x00,0x01,0x08,0x06,0x00,0x01,0x01,0x0c,0x00,0x01,0x02,0x1a,0x00,
    0x02,0x0c,0x0d,0x00,0x02,0x03,0x01,0x08,0x17,0x00,0x01,0x20,0x10,0x00,0x01,0x10,
    0x08,0x00,0x01,0x20,0x02,0x00,0x01,0x10,0x0f,0x00,0x01,0x01,0x0a,0x00,0x01,0x0c,
    0x01,0x1c,0x0d,0x00,0x01,0x04,0x03,0x00,0x01,0x1c,0x01,0x08,0x03,0x00,0x01,0x20,
    0x02,0x00,0x01,0x04,0x01,0x00,0x01,0x40,0x0b,0x00,0xf8,0x03,0x26,0x00,0x42,0x00,
    0x01,0x40,0x3e,0x00,0x01,0x80,0x3f,0x00,0x01,0x20,0x06,0x00,0x03,0x01,0x34,0x00,
    0x01,0x04,0x12,0x00,0x01,0x40,0x01,0xe0,0x01,0x40,0x01,0x00,0x01,0x40,0x4f,0x00,
    0x01,0x04,0x01,0x00,0x40,0x00,0x02,0x00,0x01,0x04,0x1b,0x00,0x02,0x04,0x1b,0x00,
    0x01,0x80,0x01,0x04,0x30,0x00,0x01,0x01,0x68,0x00,0x01,0x04,0x01,0x02,0x28,0x00,
    0x01,0x41,0x0c,0x00,0x01,0x20,0x14,0x00,0x01,0x40,0x13,0x00,0x01,0x10,0x01,0x00,
    0x01,0x10,0x02,0x00,0x01,0x80,0x18,0x00,0x01,0x04,0x02,0x00,0x01,0xc0,0x01,0x40,
    0x01,0x00,0x02,0x40,0x0c,0x00,0x18,0x00,0xa8,0x00,0x01,0x10,0x37,0x00,0x01,0x40,
    0x05,0x00,0x01,0x1c,0x01,0x08,0x14,0x00,0x01,0x40,0x45,0x00,0x01,0x04,0x25,0x00,
    0x5c,0x00,0x0e,0x00,0x01,0x04,0x06,0x00,0x01,0x20,0x04,0x00,0x01,0x04,0x01,0x00,
    0x01,0x01,0x01,0x02,0x1e,0x00,0x01,0x40,0x02,0x00,0x01,0x08,0x26,0x00,0x01,0x04,
    0x0e,0x00,0x01,0x30,0x01,0x10,0x07,0x00,0x01,0x01,0x02,0x00,0x03,0x80,0x01,0x00,
    0x02,0x60,0x04,0x00,0x01,0x80,0x21,0x00,0x01,0x02,0x01,0x00,0x01,0x10,0x19,0x00,
    0x02,0x01,0x30,0x00,0x01,0x20,0x08,0x00,0x01,0x04,0x06,0x00,0x01,0x18,0x01,0x10,
    0x01,0x38,0x01,0x10,0x18,0x00,0x01,0x08,0x01,0x1c,0x01,0x08,0x3e,0x00,0x6e,0x00,
    0x0c,0x00,0x01,0x07,0x01,0x02,0x0a,0x00,0x01,0x01,0x11,0x00,0x01,0x04,0x06,0x00,
    0x01,0x08,0x60,0x00,0x01,0x01,0x07,0x00,0x01,0x40,0x05,0x00,0x01,0x04,0x37,0x00,
    0x01,0x04,0x01,0x00,0x01,0x04,0x05,0x00,0x01,0x11,0x01,0x20,0x09,0x00,0x01,0x02,
    0x04,0x00,0x01,0x14,0x01,0x10,0x04,0x00,0x01,0x01,0x01,0x00,0x01,0x10,0x0f,0x00,
    0x01,0x10,0x18,0x00,0x01,0x80,0x06,0x00,0x01,0x10,0x01,0x38,0x02,0x00,0x01,0x10,
    0x07,0x00,0x01,0x04,0x01,0x0c,0x01,0x04,0x01,0x00,0x01,0x01,0x0b,0x00,0x01,0x40,
    0x07,0x00,0x01,0x05,0x0c,0x00,0x01,0x30,0x02,0x00,0x01,0x10,0x0b,0x00,0x74,0x00,
    0x01,0xc0,0x01,0x80,0x07,0x00,0x01,0x80,0x08,0x00,0x01,0x40,0x07,0x00,0x01,0x01,
    0x04,0x00,0x01,0x04,0x12,0x00,0x01,0x40,0x01,0x08,0x0e,0x00,0x01,0x01,0x05,0x00,
    0x01,0x01,0x26,0x00,0x01,0x08,0x0e,0x00,0x01,0x10,0x16,0x00,0x02,0x01,0x08,0x00,
    0x01,0x80,0x01,0x40,0x01,0x80,0x05,0x00,0x01,0x02,0x10,0x00,0x01,0x04,0x28,0x00,
    0x01,0x02,0x01,0x01,0x09,0x00,0x01,0x04,0x07,0x00,0x01,0x01,0x0d,0x00,0x01,0x01,
    0x01,0x00,0x01,0x04,0x0a,0x00,0x01,0x02,0x01,0x07,0x01,0x02,0x26,0x00,0x01,0x10,
    0x01,0x30,0x01,0x50,0x03,0x00,0x01,0x50,0x01,0x20,0x01,0x10,0x03,0x00,0x01,0xc0,
    0x01,0x80,0x22,0x00,0xc4,0x00,0x07,0x00,0x02,0x01,0x02,0x00,0x01,0x02,0x01,0x40,
    0x02,0x00,0x01,0x80,0x02,0x10,0x27,0x00,0x02,0x18,0x01,0x08,0x04,0x00,0x01,0x01,
    0x01,0x00,0x01,0x10,0x01,0x00,0x01,0x10,0x02,0x00,0x01,0x10,0x06,0x00,0x01,0x01,
    0x09,0x00,0x01,0x04,0x01,0x0c,0x0a,0x00,0x01,0x04,0x01,0x86,0x01,0x40,0x19,0x00,
    0x01,0x11,0x01,0x0b,0x01,0x01,0x03,0x00,0x01,0x04,0x01,0x00,0x01,0x10,0x05,0x00,
    0x01,0x04,0x01,0x06,0x01,0x01,0x13,0x00,0x01,0x01,0x01,0x00,0x01,0x51,0x01,0xa0,
    0x01,0x10,0x03,0x00,0x01,0x11,0x01,0x31,0x01,0x71,0x07,0x00,0x01,0x40,0x01,0x08,
    0x08,0x00,0x01,0x01,0x03,0x00,0x01,0x10,0x01,0x12,0x01,0x40,0x06,0x00,0x02,0x80,
    0x0f,0x00,0x01,0x1c,0x01,0x8c,0x06,0x00,0x01,0x10,0x01,0x00,0x01,0x07,0x01,0x02,
    0x05,0x00,0x01,0x08,0x0e,0x00,0x01,0x40,0x01,0xc0,0x02,0x00,0x01,0x04,0x01,0x06,
    0x04,0x00,0x01,0x01,0x03,0x00,0x01,0x40,0x08,0x00,0x02,0x01,0x05,0x00,0x01,0x04,
    0x09,0x00,0x02,0x01,0x04,0x00,0x01,0x10,0x01,0x30,0x01,0x10,0x05,0x00,0x01,0x40,
    0x01,0xc0,0x01,0x40,0x08,0x00,0x01,0x02,0x28,0x00,0xf8,0x03,0x2a,0x00,0x86,0x00,
    0x01,0x10,0x3d,0x00,0x01,0x40,0x01,0xe0,0x3f,0x00,0x01,0x10,0x3b,0x00,0x01,0x02,
    0x01,0x04,0x13,0x00,0x01,0x40,0x01,0x60,0x01,0x70,0x01,0x00,0x01,0x40,0x09,0x00,
    0x01,0x01,0x01,0x03,0x01,0x05,0x01,0x00,0x22,0x00,0x09,0x00,0x01,0x08,0x25,0x00,
    0x02,0x06,0x17,0x00,0x01,0x01,0x1d,0x00,0x01,0x01,0x06,0x00,0x01,0x40,0x18,0x00,
    0x01,0x01,0xc1,0x00,0x01,0x41,0x0d,0x00,0x01,0x10,0x11,0x00,0x16,0x00,0x49,0x00,
    0x01,0x20,0x01,0x40,0xe1,0x00,0x01,0x40,0x05,0x00,0x01,0x04,0x01,0x0c,0x16,0x00,
    0x01,0x40,0x1d,0x00,0x50,0x00,0x2f,0x00,0x01,0x80,0x14,0x00,0x01,0x04,0x0c,0x00,
    0x01,0x10,0x05,0x00,0x01,0x80,0x04,0x00,0x01,0x10,0x01,0x00,0x01,0x04,0x24,0x00,
    0x01,0x20,0x01,0x10,0x13,0x00,0x01,0x10,0x0f,0x00,0x01,0x10,0x10,0x00,0x01,0xe0,
    0x01,0x40,0x0d,0x00,0x01,0x01,0x01,0x80,0x26,0x00,0x01,0x10,0x01,0x00,0x01,0x40,
    0x1b,0x00,0x02,0x06,0x03,0x01,0x34,0x00,0x01,0x20,0x01,0x10,0x06,0x00,0x01,0xc0,
    0x01,0x40,0x02,0xc0,0x15,0x00,0x4c,0x00,0x01,0x00,0x01,0x20,0x01,0x60,0x10,0x00,
    0x01,0x20,0x3f,0x00,0x01,0x0c,0x01,0x14,0x1c,0x00,0x01,0x01,0x01,0x10,0x07,0x00,
    0x01,0x10,0x1c,0x00,0x01,0x80,0x16,0x00,0x01,0x04,0x29,0x00,0x01,0x04,0x0f,0x00,
    0x01,0x10,0x27,0x00,0x01,0x10,0x16,0x00,0x01,0x40,0x01,0x00,0x01,0x02,0x08,0x00,
    0x01,0x10,0x04,0x00,0x01,0x20,0x01,0x00,0x01,0x80,0x04,0x00,0x01,0x04,0x12,0x00,
    0x01,0x80,0x16,0x00,0x60,0x00,0x16,0x00,0x01,0x04,0x2f,0x00,0x01,0x01,0x1f,0x00,
    0x01,0x04,0x05,0x00,0x01,0x10,0x13,0x00,0x01,0x10,0x01,0x20,0x10,0x00,0x01,0x05,
    0x01,0x02,0x01,0x01,0x04,0x00,0x01,0x20,0x02,0x00,0x01,0x01,0x01,0x02,0x08,0x00,
    0x01,0x01,0x15,0x00,0x01,0x10,0x0b,0x00,0x01,0x01,0x01,0x00,0x01,0x40,0x15,0x00,
    0x01,0x04,0x13,0x00,0x01,0x10,0x11,0x00,0x01,0x10,0x2c,0x00,0x01,0x02,0x01,0x07,
    0x01,0x02,0x02,0x00,0x01,0x10,0x08,0x00,0x01,0x08,0x0e,0x00,0x01,0x14,0x01,0x20,
    0x0c,0x00,0x02,0x10,0x08,0x00,0xbe,0x00,0x09,0x00,0x01,0x80,0x07,0x00,0x01,0x02,
    0x01,0x10,0x21,0x00,0x01,0x10,0x01,0x30,0x02,0x00,0x01,0x10,0x03,0x00,0x01,0x04,
    0x01,0x00,0x02,0x03,0x02,0x00,0x01,0x10,0x0e,0x00,0x01,0x01,0x01,0x45,0x03,0x00,
    0x01,0x01,0x29,0x00,0x01,0x10,0x01,0x0c,0x05,0x00,0x01,0x08,0x01,0x01,0x01,0x23,
    0x01,0x05,0x01,0x0c,0x09,0x00,0x01,0x20,0x06,0x00,0x01,0x04,0x01,0x00,0x01,0x15,
    0x01,0x83,0x01,0x01,0x0a,0x00,0x01,0x80,0x01,0xc0,0x01,0x80,0x1c,0x00,0x01,0x41,
    0x01,0x63,0x07,0x00,0x01,0x02,0x01,0x00,0x01,0x02,0x10,0x00,0x03,0x01,0x02,0x00,
    0x01,0x20,0x01,0x00,0x01,0x20,0x06,0x00,0x01,0x01,0x02,0x30,0x12,0x00,0x01,0x20,
    0x04,0x00,0x01,0x40,0x01,0x00,0x01,0x04,0x07,0x00,0x01,0x01,0x01,0x02,0x14,0x00,
    0x01,0x40,0x01,0xc0,0x01,0x40,0x04,0x00,0x01,0x08,0x01,0x1c,0x01,0x20,0x03,0x00,
    0x01,0x04,0x01,0x00,0x02,0x1c,0x05,0x00,0x01,0x10,0x01,0x20,0x01,0x10,0x01,0x00,
    0x01,0x01,0x02,0x00,0x01,0x80,0x04,0x00,0x01,0x40,0x05,0x00,0x01,0x04,0x01,0x08,
    0x06,0x00,0x02,0x60,0x08,0x00,0xf8,0x03,0x10,0x00,0xca,0x00,0x01,0x10,0x3d,0x00,
    0x01,0x70,0x01,0x20,0x3e,0x00,0x02,0x10,0x1e,0x00,0x18,0x00,0x3c,0x00,0x01,0x01,
    0x2a,0x00,0x01,0x80,0x10,0x00,0x01,0x01,0x01,0x03,0x3b,0x00,0x01,0x20,0x16,0x00,
    0x02,0x10,0x9a,0x00,0x0a,0x00,0x94,0x00,0x01,0x10,0xac,0x00,0x02,0x04,0x25,0x00,
    0x42,0x00,0x33,0x00,0x01,0x02,0x5f,0x00,0x01,0x40,0x0c,0x00,0x02,0x10,0x19,0x00,
    0x01,0x02,0x01,0x01,0x0a,0x00,0x01,0x80,0x11,0x00,0x01,0x80,0x11,0x00,0x01,0x40,
    0x1a,0x00,0x01,0x10,0x07,0x00,0x01,0x04,0x23,0x00,0x01,0x40,0x11,0x00,0x01,0x01,
    0x01,0x03,0x01,0x01,0x0b,0x00,0x01,0x10,0x01,0x30,0x01,0x14,0x01,0x0e,0x06,0x00,
    0x01,0x10,0x0b,0x00,0x4e,0x00,0x0a,0x00,0x01,0x14,0x14,0x00,0x01,0x02,0x06,0x00,
    0x01,0x41,0x01,0x00,0x01,0x10,0x0a,0x00,0x01,0x01,0x08,0x00,0x02,0x10,0x0b,0x00,
    0x01,0x80,0x01,0x40,0x10,0x00,0x01,0x80,0x04,0x00,0x01,0x10,0x01,0x20,0x2e,0x00,
    0x03,0x01,0x06,0x00,0x01,0x30,0x01,0x70,0x0c,0x00,0x01,0x08,0x01,0x10,0x11,0x00,
    0x01,0x04,0x07,0x00,0x01,0x40,0x32,0x00,0x01,0x20,0x30,0x00,0x01,0x04,0x33,0x00,
    0x01,0x40,0x0d,0x00,0x52,0x00,0x01,0x00,0x01,0x20,0x02,0x00,0x01,0x70,0x01,0x20,
    0x01,0x44,0x01,0x04,0x02,0x00,0x01,0x04,0x02,0x01,0x05,0x00,0x01,0x10,0x45,0x00,
    0x01,0x10,0x09,0x00,0x01,0x10,0x0b,0x00,0x01,0x01,0x44,0x00,0x01,0x08,0x05,0x00,
    0x01,0x20,0x14,0x00,0x01,0x40,0x0f,0x00,0x01,0x1c,0x01,0x08,0x09,0x00,0x01,0x08,
    0x08,0x00,0x01,0x04,0x23,0x00,0x01,0x04,0x16,0x00,0x01,0x20,0x01,0x01,0x24,0x00,
    0x01,0x80,0x0c,0x00,0x01,0x01,0x07,0x00,0xc6,0x00,0x01,0x04,0x01,0x00,0x01,0x04,
    0x01,0x00,0x01,0x10,0x01,0x30,0x07,0x00,0x01,0x03,0x01,0x01,0x09,0x00,0x01,0x01,
    0x01,0x03,0x01,0x01,0x0b,0x00,0x01,0x41,0x09,0x00,0x01,0x40,0x03,0x00,0x01,0x50,
    0x0d,0x00,0x01,0x40,0x01,0xc0,0x14,0x00,0x01,0x41,0x01,0x01,0x02,0x00,0x01,0x04,
    0x1f,0x00,0x01,0x04,0x05,0x00,0x01,0x04,0x01,0x00,0x01,0x40,0x01,0x00,0x01,0x1c,
    0x01,0x38,0x01,0x7c,0x01,0x20,0x04,0x00,0x01,0x05,0x01,0x02,0x08,0x00,0x01,0x70,
    0x01,0x20,0x03,0x00,0x01,0x20,0x04,0x00,0x01,0x04,0x22,0x00,0x01,0x02,0x01,0x05,
    0x02,0x00,0x01,0x02,0x07,0x00,0x01,0x20,0x01,0x70,0x01,0x80,0x01,0x81,0x01,0x80,
    0x07,0x00,0x01,0x04,0x02,0x00,0x01,0x11,0x01,0x01,0x04,0x00,0x01,0x40,0x01,0xc0,
    0x29,0x00,0x01,0x02,0x01,0x01,0x01,0x00,0x01,0x40,0x01,0xa0,0x02,0x00,0x02,0x01,
    0x02,0x00,0x01,0x45,0x01,0x01,0x01,0x40,0x05,0x00,0x01,0x10,0x05,0x00,0x01,0x01,
    0x01,0x00,0x01,0x04,0x01,0x20,0x01,0x70,0x0b,0x00,0x01,0x50,0x01,0x20,0x01,0x10,
    0x1e,0x00,0x01,0x58,0x01,0x18,0x03,0x00,0x01,0x40,0x02,0x00,0x01,0x80,0x04,0x00,
    0xf8,0x03,0x12,0x00,0xff,0x00,0x10,0x00,0x01,0x08,0x3c,0x00,0x01,0x70,0x01,0x60,
    0x01,0x40,0x17,0x00,0x02,0x80,0x28,0x00,0x27,0x00,0x01,0x02,0x50,0x00,0x01,0xc0,
    0x01,0x80,0x0c,0x00,0x01,0x01,0x0f,0x00,0x01,0x01,0x19,0x00,0x01,0x40,0x0f,0x00,
    0x01,0x01,0x11,0x00,0x01,0x40,0x29,0x00,0x01,0x10,0x19,0x00,0x01,0x10,0x51,0x00,
    0x06,0x00,0xdf,0x00,0x02,0x10,0x87,0x00,0x2e,0x00,0x04,0x00,0x02,0x10,0x2e,0x00,
    0x01,0x04,0x41,0x00,0x01,0x04,0x57,0x00,0x01,0x40,0x14,0x00,0x01,0x80,0x1b,0x00,
    0x01,0x08,0x24,0x00,0x01,0x10,0x05,0x00,0x01,0x01,0x1f,0x00,0x01,0x40,0x06,0x00,
    0x01,0x20,0x01,0x04,0x01,0x02,0x14,0x00,0x56,0x00,0x16,0x00,0x01,0x01,0x28,0x00,
    0x01,0x20,0x01,0x70,0x03,0x00,0x01,0x14,0x01,0x0c,0x0a,0x00,0x01,0x10,0x01,0x00,
    0x01,0x40,0x14,0x00,0x01,0x08,0x06,0x00,0x01,0x44,0x0d,0x00,0x01,0x04,0x07,0x00,
    0x01,0x41,0x01,0x00,0x01,0x40,0x2e,0x00,0x02,0x01,0x21,0x00,0x01,0x06,0x07,0x00,
    0x01,0xc0,0x01,0x80,0x08,0x00,0x01,0x04,0x01,0x02,0x02,0x00,0x01,0x40,0x15,0x00,
    0x01,0x10,0x23,0x00,0x02,0x01,0x22,0x00,0x01,0x01,0x07,0x00,0x01,0x04,0x13,0x00,
    0x4e,0x00,0x0e,0x00,0x01,0x01,0x01,0x03,0x01,0x11,0x3b,0x00,0x01,0x40,0x03,0x00,
    0x01,0xc0,0x01,0x80,0x01,0x10,0x04,0x00,0x02,0x06,0x33,0x00,0x01,0x01,0x0b,0x00,
    0x01,0x01,0x16,0x00,0x01,0x40,0x0a,0x00,0x01,0x04,0x45,0x00,0x01,0x40,0x1f,0x00,
    0x01,0x10,0x09,0x00,0x01,0x40,0x01,0xc0,0x09,0x00,0x01,0x20,0x08,0x00,0x01,0x10,
    0x0e,0x00,0x01,0x01,0x14,0x00,0x01,0x04,0x01,0x00,0x01,0x10,0x01,0x20,0x02,0x00,
    0xa0,0x00,0x0a,0x00,0x01,0x40,0x0d,0x00,0x01,0x10,0x02,0x30,0x0d,0x00,0x01,0x40,
    0x0b,0x00,0x01,0x04,0x01,0x0c,0x01,0x01,0x0b,0x00,0x01,0x1c,0x01,0x18,0x10,0x00,
    0x01,0x70,0x01,0x20,0x09,0x00,0x01,0x0c,0x01,0x74,0x01,0x20,0x04,0x00,0x01,0x44,
    0x07,0x00,0x01,0x10,0x03,0x00,0x01,0x04,0x01,0x0c,0x01,0x14,0x1b,0x00,0x01,0x01,
    0x02,0x00,0x01,0x02,0x01,0x07,0x0b,0x00,0x01,0x40,0x02,0x00,0x01,0x80,0x13,0x00,
    0x01,0x08,0x08,0x00,0x01,0x10,0x03,0x00,0x01,0x11,0x01,0x0a,0x01,0x14,0x0d,0x00,
    0x01,0x1c,0x01,0x08,0x11,0x00,0x01,0x08,0x01,0x00,0x01,0x80,0x24,0x00,0x01,0x40,
    0x03,0x00,0x01,0x81,0x03,0x00,0x01,0x11,0x01,0x03,0x01,0x1d,0x01,0x0f,0x01,0x01,
    0x02,0x00,0x01,0x40,0x08,0x00,0x01,0x04,0x01,0x0c,0x01,0x04,0x31,0x00,0x01,0x40,
    0x01,0x60,0x05,0x00,0x01,0x20,0x01,0x00,0x01,0x0c,0x01,0x1c,0x01,0x20,0x01,0x70,
    0x01,0x20,0xf8,0x03,0x08,0x00,0xff,0x00,0x55,0x00,0x01,0x10,0x13,0x00,0x2a,0x00,
    0x67,0x00,0x01,0x20,0x1e,0x00,0x01,0x80,0x39,0x00,0x01,0x40,0x01,0x80,0x01,0x40,
    0x1a,0x00,0x01,0x02,0x1a,0x00,0x01,0x40,0x0f,0x00,0x01,0x01,0x12,0x00,0x02,0x40,
    0x27,0x00,0x01,0x10,0x1a,0x00,0x02,0x10,0x07,0x00,0x08,0x00,0xff,0x00,0x2c,0x00,
    0x02,0x10,0x3b,0x00,0x1c,0x00,0x01,0x40,0x77,0x00,0x01,0x10,0x36,0x00,0x01,0x02,
    0x0a,0x00,0x01,0x40,0x1b,0x00,0x02,0x40,0x6b,0x00,0x01,0x40,0x17,0x00,0x01,0x02,
    0x0c,0x00,0x50,0x00,0x18,0x00,0x02,0x01,0x1a,0x00,0x01,0x10,0x07,0x00,0x01,0x01,
    0x0d,0x00,0x01,0x01,0x13,0x00,0x01,0x04,0x2a,0x00,0x01,0x80,0x02,0x00,0x01,0x10,
    0x01,0x30,0x01,0x50,0x08,0x00,0x01,0x80,0x17,0x00,0x01,0x20,0x08,0x00,0x01,0x10,
    0x0b,0x00,0x02,0x10,0x07,0x00,0x01,0x08,0x02,0x00,0x03,0x01,0x0d,0x00,0x01,0x01,
    0x1c,0x00,0x01,0x08,0x01,0x01,0x15,0x00,0x03,0x01,0x1b,0x00,0x01,0x10,0x05,0x00,
    0x01,0x04,0x2f,0x00,0x46,0x00,0x26,0x00,0x01,0x40,0x0d,0x00,0x01,0x40,0x19,0x00,
    0x01,0x01,0x0b,0x00,0x01,0x04,0x01,0x0c,0x01,0x44,0x2c,0x00,0x02,0x01,0x13,0x00,
    0x01,0x40,0x03,0x00,0x01,0x50,0x01,0x38,0x01,0x10,0x3a,0x00,0x01,0x02,0x04,0x00,
    0x02,0x06,0x0d,0x00,0x02,0x01,0x12,0x00,0x01,0x20,0x18,0x00,0x01,0x04,0x01,0x0c,
    0x01,0x04,0x15,0x00,0x01,0x04,0x0a,0x00,0x01,0x02,0x24,0x00,0xb4,0x00,0x04,0x00,
    0x01,0x01,0x04,0x00,0x01,0x80,0x07,0x00,0x01,0x80,0x05,0x00,0x02,0x01,0x06,0x00,
    0x01,0x02,0x0c,0x00,0x01,0x10,0x01,0x20,0x06,0x00,0x01,0x01,0x15,0x00,0x01,0x05,
    0x01,0x06,0x01,0x05,0x03,0x00,0x01,0x02,0x07,0x00,0x03,0x01,0x13,0x00,0x01,0x10,
    0x05,0x00,0x01,0x01,0x08,0x00,0x01,0x80,0x01,0xc0,0x01,0x00,0x01,0x40,0x05,0x00,
    0x02,0x04,0x11,0x00,0x01,0x10,0x0e,0x00,0x01,0x80,0x01,0x86,0x01,0x04,0x02,0x00,
    0x01,0x80,0x0a,0x00,0x01,0x10,0x01,0x00,0x01,0x04,0x01,0x84,0x09,0x00,0x02,0x01,
    0x0b,0x00,0x01,0x01,0x01,0x03,0x01,0x01,0x05,0x00,0x02,0xc0,0x07,0x00,0x01,0x0c,
    0x01,0x04,0x0a,0x00,0x01,0x08,0x01,0x05,0x01,0x01,0x05,0x00,0x01,0x08,0x06,0x00,
    0x01,0x05,0x03,0x00,0x01,0x01,0x01,0x03,0x01,0x01,0x08,0x00,0x01,0x40,0x38,0x00,
    0x01,0x01,0x09,0x00,0x01,0x01,0x03,0x00,0x01,0x10,0x01,0x20,0x02,0x03,0x02,0x00,
    0x01,0x40,0x05,0x00,0x01,0x40,0x01,0xe0,0x01,0x40,0x02,0x00,0x01,0x02,0x01,0x07,
    0x01,0x02,0xf8,0x03,0x04,0x00,0xff,0x00,0x69,0x00,0x20,0x00,0x6f,0x00,0x01,0x80,
    0x3f,0x00,0x01,0x20,0x08,0x00,0x01,0x01,0x16,0x00,0x01,0x80,0x39,0x00,0x01,0x80,
    0x01,0x40,0x19,0x00,0x01,0x01,0x2b,0x00,0x03,0x01,0x15,0x00,0x04,0x00,0xff,0x00,
    0x69,0x00,0x2a,0x00,0x26,0x00,0x01,0x01,0x01,0x00,0x01,0x01,0x01,0x00,0x01,0x01,
    0x0b,0x00,0x01,0x10,0x0c,0x00,0x01,0x80,0x47,0x00,0x02,0x03,0x2f,0x00,0x01,0x40,
    0x36,0x00,0x01,0x10,0x52,0x00,0x01,0x01,0x1d,0x00,0x01,0x01,0x03,0x00,0x58,0x00,
    0x12,0x00,0x01,0x40,0x15,0x00,0x01,0x01,0x0f,0x00,0x01,0x10,0x27,0x00,0x01,0x04,
    0x16,0x00,0x01,0x08,0x05,0x00,0x01,0x80,0x07,0x00,0x01,0x02,0x01,0x07,0x01,0x02,
    0x0a,0x00,0x01,0x04,0x11,0x00,0x02,0x10,0x30,0x00,0x01,0xc0,0x01,0x80,0x27,0x00,
    0x01,0x80,0x16,0x00,0x01,0x40,0x03,0x00,0x01,0x04,0x01,0x0e,0x02,0x00,0x01,0x01,
    0x07,0x00,0x01,0x04,0x01,0x08,0x16,0x00,0x01,0x01,0x07,0x00,0x01,0x40,0x01,0x08,
    0x01,0x01,0x17,0x00,0x01,0x10,0x07,0x00,0x40,0x00,0x1a,0x00,0x01,0x01,0x20,0x00,
    0x01,0x08,0x69,0x00,0x01,0x30,0x01,0x70,0x11,0x00,0x02,0x01,0x0e,0x00,0x01,0x01,
    0x0a,0x00,0x01,0x08,0x02,0x00,0x01,0x04,0x17,0x00,0x01,0x40,0x01,0x80,0x01,0x01,
    0x39,0x00,0x01,0x10,0x04,0x00,0x02,0x30,0x01,0x02,0x03,0x00,0x01,0x02,0x01,0x01,
    0x01,0x00,0x01,0x01,0x06,0x00,0x01,0x08,0x28,0x00,0x86,0x00,0x06,0x00,0x01,0x40,
    0x36,0x00,0x01,0x01,0x0c,0x00,0x01,0x40,0x01,0x10,0x0a,0x00,0x01,0x04,0x07,0x00,
    0x01,0x10,0x01,0x20,0x04,0x00,0x02,0x01,0x16,0x00,0x01,0x40,0x13,0x00,0x01,0x40,
    0x01,0xe0,0x01,0xc0,0x04,0x00,0x01,0x40,0x02,0x10,0x06,0x00,0x01,0x10,0x01,0x30,
    0x01,0x10,0x03,0x00,0x01,0x04,0x15,0x00,0x01,0x10,0x01,0x00,0x01,0x04,0x10,0x00,
    0x01,0x80,0x14,0x00,0x01,0x01,0x0c,0x00,0x01,0x80,0x01,0xc0,0x0a,0x00,0x01,0x02,
    0x01,0x04,0x04,0x00,0x01,0x80,0x0a,0x00,0x01,0x50,0x01,0x38,0x01,0x10,0x0a,0x00,
    0x02,0x60,0x0b,0x00,0x01,0x04,0x0e,0x00,0x01,0x60,0x01,0x70,0x02,0x01,0x02,0x00,
    0x01,0x20,0x08,0x00,0x01,0x40,0x02,0x00,0x01,0x02,0x01,0x00,0x01,0x60,0x01,0x40,
    0x1b,0x00,0xd0,0x03,0x0e,0x00,0xf6,0x00,0x01,0x40,0x09,0x00,0x01,0x01,0x5f,0x00,
    0x01,0x01,0x07,0x00,0x28,0x00,0x0a,0x00,0x01,0x10,0x29,0x00,0x01,0x10,0x01,0x38,
    0x01,0x10,0x35,0x00,0x01,0x07,0x01,0x02,0x02,0x04,0x0c,0x00,0x01,0x40,0x53,0x00,
    0x01,0x14,0x01,0x1a,0x76,0x00,0x01,0x04,0x1b,0x00,0x01,0x40,0x03,0x00,0x3e,0x00,
    0x2a,0x00,0x01,0x04,0x45,0x00,0x01,0x04,0x0f,0x00,0x01,0x01,0x01,0x80,0x1f,0x00,
    0x01,0x02,0x03,0x00,0x01,0x01,0x02,0x00,0x01,0x10,0x17,0x00,0x01,0x40,0x07,0x00,
    0x01,0x01,0x05,0x00,0x01,0x10,0x01,0x18,0x01,0x10,0x3d,0x00,0x01,0x04,0x25,0x00,
    0x01,0x01,0x2d,0x00,0x01,0x40,0x01,0x60,0x01,0x70,0x02,0x00,0x01,0x0c,0x3c,0x00,
    0x08,0x00,0x01,0x10,0x1c,0x00,0x01,0x20,0x01,0x40,0x01,0x20,0x21,0x00,0x01,0x02,
    0x1c,0x00,0x01,0x04,0x21,0x00,0x01,0x40,0x5b,0x00,0x01,0x40,0x0c,0x00,0x01,0x80,
    0x12,0x00,0x01,0x10,0x01,0x08,0x0e,0x00,0x01,0x10,0x0a,0x00,0x01,0x80,0x18,0x00,
    0x01,0x01,0x01,0x03,0x01,0x01,0x01,0x00,0x01,0x10,0x2b,0x00,0x4e,0x00,0x1c,0x00,
    0x01,0x04,0x2b,0x00,0x01,0x01,0x09,0x00,0x01,0x40,0x3f,0x00,0x01,0x40,0x1a,0x00,
    0x01,0x20,0x2b,0x00,0x01,0x12,0x01,0x04,0x13,0x00,0x01,0x05,0x01,0x08,0x07,0x00,
    0x01,0x08,0x28,0x00,0x01,0x30,0x05,0x00,0x01,0x10,0x01,0x00,0x01,0x04,0x01,0x00,
    0x01,0x40,0x05,0x00,0x01,0x04,0x01,0x0c,0x13,0x00,0x01,0x80,0x06,0x00,0x01,0x04,
    0x01,0x00,0x01,0x01,0x11,0x00,0x01,0x10,0x01,0x20,0x06,0x00,0xd0,0x03,0x0e,0x00,
    0xff,0x00,0x3f,0x00,0x01,0x40,0x09,0x00,0x01,0x01,0x01,0x02,0x1e,0x00,0x32,0x00,
    0x1e,0x00,0x01,0x07,0x01,0x06,0x17,0x00,0x01,0x02,0x02,0x00,0x01,0x10,0x01,0x18,
    0x01,0x10,0x11,0x00,0x01,0x80,0x0c,0x00,0x01,0x02,0x1d,0x00,0x02,0xc0,0x35,0x00,
    0x02,0x30,0x01,0x00,0x01,0x20,0x54,0x00,0x01,0x04,0x0d,0x00,0x01,0xd0,0x01,0x80,
    0x50,0x00,0x2c,0x00,0xb8,0x00,0x01,0x10,0x01,0x20,0x2f,0x00,0x01,0x20,0x04,0x00,
    0x01,0x10,0x23,0x00,0x01,0x04,0x04,0x00,0x01,0x80,0x01,0x40,0x01,0x80,0x1e,0x00,
    0x01,0x01,0x16,0x00,0x01,0x02,0x06,0x00,0x01,0x40,0x09,0x00,0x01,0x01,0x07,0x00,
    0x24,0x00,0x37,0x00,0x01,0x80,0x1b,0x00,0x01,0x80,0x40,0x00,0x01,0x10,0x1c,0x00,
    0x01,0x20,0x01,0x40,0x07,0x00,0x02,0x03,0x1a,0x00,0x01,0x10,0x46,0x00,0x01,0x02,
    0x33,0x00,0x01,0x80,0x16,0x00,0x32,0x00,0x04,0x00,0x01,0x50,0x01,0x60,0x01,0x40,
    0x0d,0x00,0x01,0x10,0x19,0x00,0x01,0x44,0x50,0x00,0x01,0x01,0x2c,0x00,0x01,0x01,
    0x35,0x00,0x01,0x10,0x34,0x00,0x01,0x08,0x08,0x00,0x01,0x10,0x04,0x00,0x01,0x02,
    0x06,0x00,0x01,0x10,0x09,0x00,0x01,0x40,0x31,0x00,0xd0,0x03,0x04,0x00,0xff,0x00,
    0x69,0x00,0x3e,0x00,0x26,0x00,0x01,0x01,0x3b,0x00,0x01,0x10,0x01,0x30,0x01,0x10,
    0x18,0x00,0x01,0x10,0x01,0x00,0x01,0xc0,0x01,0x40,0x1e,0x00,0x02,0x10,0x27,0x00,
    0x01,0x01,0x09,0x00,0x01,0x40,0x22,0x00,0x01,0x80,0x10,0x00,0x01,0x04,0x01,0x0e,
    0x34,0x00,0x01,0x01,0x01,0x03,0x01,0x01,0x01,0x00,0x01,0x01,0x0c,0x00,0x01,0x20,
    0x1a,0x00,0x1e,0x00,0x24,0x00,0x01,0x04,0x1d,0x00,0x01,0x01,0xc0,0x00,0x02,0x01,
    0x0b,0x00,0x01,0x40,0x24,0x00,0x01,0x80,0x13,0x00,0x01,0x01,0x0f,0x00,0x02,0x40,
    0x0d,0x00,0x28,0x00,0x02,0x00,0x03,0x01,0x13,0x00,0x01,0x02,0x39,0x00,0x01,0x04,
    0x3d,0x00,0x01,0x40,0x3b,0x00,0x01,0x04,0x19,0x00,0x02,0x04,0x1e,0x00,0x01,0x10,
    0x01,0x18,0x1e,0x00,0x01,0x01,0x1e,0x00,0x01,0x02,0x22,0x00,0x28,0x00,0x27,0x00,
    0x01,0x02,0x30,0x00,0x01,0x10,0x06,0x00,0x01,0x02,0x17,0x00,0x01,0x80,0x1b,0x00,
    0x01,0x0c,0x01,0x14,0x0e,0x00,0x01,0x02,0x19,0x00,0x02,0x10,0x08,0x00,0x01,0x20,
    0x2b,0x00,0x01,0x20,0x74,0x00,0xc0,0x03,0x2a,0x00,0x6b,0x00,0x01,0x08,0x3b,0x00,
    0x01,0x80,0x46,0x00,0x03,0x01,0x19,0x00,0x01,0x01,0x01,0x00,0x01,0x04,0x01,0x0c,
    0x01,0x04,0x1c,0x00,0x01,0x01,0x1e,0x00,0x01,0x40,0x01,0xe0,0x01,0x40,0x13,0x00,
    0x01,0x04,0x07,0x00,0x0a,0x00,0x8c,0x00,0x01,0x10,0xbe,0x00,0x02,0x10,0x1b,0x00,
    0x26,0x00,0x4c,0x00,0x01,0x14,0x01,0x08,0x01,0x14,0x14,0x00,0x01,0x10,0x38,0x00,
    0x01,0x40,0x3b,0x00,0x01,0x40,0x3d,0x00,0x01,0x40,0x0b,0x00,0x01,0x04,0x0f,0x00,
    0x01,0x40,0x20,0x00,0x01,0x80,0x14,0x00,0x4a,0x00,0x38,0x00,0x01,0x40,0x08,0x00,
    0x01,0x20,0x02,0x00,0x01,0x01,0x01,0x03,0x01,0x01,0x03,0x00,0x01,0x04,0x01,0x08,
    0x01,0x10,0x1b,0x00,0x01,0x01,0x05,0x00,0x02,0x40,0x19,0x00,0x01,0x08,0x02,0x00,
    0x01,0x10,0x19,0x00,0x01,0x40,0x40,0x00,0x01,0x02,0x02,0x00,0x01,0x40,0x1c,0x00,
    0x01,0x20,0x1a,0x00,0x01,0x01,0x01,0x03,0x01,0x01,0x28,0x00,0x01,0x04,0x0a,0x00,
    0x01,0x10,0x0f,0x00,0xc0,0x03,0x1e,0x00,0x86,0x00,0x01,0x01,0x28,0x00,0x01,0x80,
    0x27,0x00,0x01,0x80,0x5a,0x00,0x01,0x10,0x01,0x18,0x01,0x10,0x19,0x00,0x01,0x10,
    0x03,0x00,0x02,0xc0,0x14,0x00,0x16,0x00,0x33,0x00,0x01,0x80,0x46,0x00,0x03,0x01,
    0x33,0x00,0x01,0x01,0x4b,0x00,0x01,0x01,0x1f,0x00,0x01,0x01,0x4b,0x00,0x1a,0x00,
    0x02,0x00,0x01,0x04,0x01,0x0c,0x01,0x04,0x92,0x00,0x02,0xc0,0x06,0x00,0x01,0x20,
    0x56,0x00,0x01,0x01,0x37,0x00,0x02,0x04,0x38,0x00,0x32,0x00,0x5c,0x00,0x01,0x01,
    0x31,0x00,0x01,0x40,0x01,0xc0,0x20,0x00,0x01,0x40,0x07,0x00,0x01,0x10,0x0f,0x00,
    0x01,0x10,0x10,0x00,0x01,0x01,0x01,0x00,0x01,0x02,0x22,0x00,0x02,0x10,0x01,0x01,
    0x18,0x00,0x01,0x02,0x04,0x00,0x01,0x04,0x16,0x00,0x01,0x20,0x32,0x00,0xc0,0x03,
    0x10,0x00,0xcc,0x00,0x01,0x10,0x70,0x00,0x01,0x08,0x27,0x00,0x01,0x08,0x01,0x1c,
    0x01,0x08,0x24,0x00,0x1d,0x00,0x01,0x80,0x0a,0x00,0x01,0x01,0x01,0x02,0x60,0x00,
    0x01,0x04,0x37,0x00,0x01,0x10,0x01,0x18,0x01,0x10,0x33,0x00,0x01,0x10,0x4b,0x00,
    0x01,0x20,0x21,0x00,0x01,0x10,0x01,0x00,0x18,0x00,0x4d,0x00,0x01,0x60,0x01,0x40,
    0xda,0x00,0x01,0x08,0x01,0x1c,0x01,0x08,0x05,0x00,0x01,0x02,0x0e,0x00,0x01,0x10,
    0x27,0x00,0x3e,0x00,0x0f,0x00,0x01,0x20,0x02,0x00,0x01,0x10,0x2e,0x00,0x01,0x80,
    0x1b,0x00,0x01,0x02,0x1b,0x00,0x01,0x04,0x07,0x00,0x01,0x80,0x07,0x00,0x02,0x01,
    0x01,0x00,0x01,0x01,0x16,0x00,0x01,0x20,0x7a,0x00,0x01,0x10,0x01,0x30,0x01,0x40,
    0x1f,0x00,0x01,0x10,0x08,0x00,0x01,0x08,0x0f,0x00,0x01,0x08,0x07,0x00,0x01,0x02,
    0x06,0x00,0xc0,0x03,0x0a,0x00,0xff,0x00,0x5b,0x00,0x01,0x01,0x0c,0x00,0x01,0x80,
    0x16,0x00,0x71,0x00,0x01,0x20,0x3c,0x00,0x01,0x10,0x25,0x00,0x01,0x40,0x36,0x00,
    0x01,0x80,0x47,0x00,0x02,0x01,0x13,0x00,0x0c,0x00,0xe0,0x00,0x01,0x04,0x01,0x06,
    0x41,0x00,0x01,0x80,0x44,0x00,0x38,0x00,0x2b,0x00,0x01,0x02,0x01,0x01,0x55,0x00,
    0x01,0x01,0x1c,0x00,0x01,0x08,0x02,0x00,0x01,0x04,0x02,0x00,0x01,0x80,0x26,0x00,
    0x01,0x01,0x04,0x00,0x01,0x20,0x01,0x40,0x02,0x00,0x01,0x20,0x01,0x40,0x15,0x00,
    0x01,0x01,0x1b,0x00,0x01,0x01,0x09,0x00,0x01,0x40,0x21,0x00,0x01,0x10,0x33,0x00,
    0xc0,0x03,0x04,0x00,0xff,0x00,0x69,0x00,0x10,0x00,0xff,0x00,0x02,0x00,0x01,0x02,
    0x3a,0x00,0x02,0x01,0x26,0x00,0x01,0x04,0x03,0x00,0x0a,0x00,0xff,0x00,0x2b,0x00,
    0x01,0xc0,0x01,0x80,0x3c,0x00,0x28,0x00,0xca,0x00,0x01,0x40,0x35,0x00,0x02,0x01,
    0x12,0x00,0x01,0x40,0x19,0x00,0x01,0x04,0x02,0x00,0x01,0x01,0x02,0x00,0x01,0x40,
    0x1c,0x00,0x01,0x80,0x10,0x00,0x01,0x10,0x01,0x30,0x02,0x00,0x01,0x10,0x01,0x00,
    0x80,0x03,0x08,0x00,0xff,0x00,0x4a,0x00,0x01,0x40,0x1e,0x00,0x04,0x00,0xff,0x00,
    0x69,0x00,0x10,0x00,0x23,0x00,0x01,0x08,0xff,0x00,0x26,0x00,0x01,0x80,0x11,0x00,
    0x01,0x20,0x0c,0x00,0x80,0x02,0x04,0x00,0xff,0x00,0x69,0x00,0x0a,0x00,0x66,0x00,
    0x01,0x01,0x4b,0x00,0x01,0x04,0xb5,0x00,0x00,0x02,0x16,0x00,0x46,0x00,0x01,0x04,
    0x34,0x00,0x01,0x20,0x01,0x70,0x01,0x20,0x31,0x00,0x01,0x80,0x94,0x00,0x01,0x01,
    0x23,0x00,0x00,0x02,0x1a,0x00,0x28,0x00,0x01,0x40,0x3b,0x00,0x01,0x40,0x71,0x00,
    0x01,0x01,0x35,0x00,0x01,0x10,0x01,0x38,0x01,0x10,0x30,0x00,0x01,0x80,0x28,0x00,
    0x00,0x02,0x0e,0x00,0xb8,0x00,0x01,0x20,0x3a,0x00,0x01,0x20,0x01,0x10,0x72,0x00,
    0x01,0x01,0x00,0x02,0x0a,0x00,0xff,0x00,0x49,0x00,0x01,0x10,0x01,0x20,0x1e,0x00,
    0x00,0x02,0x04,0x00,0xff,0x00,0x69,0x00,0x00,0x00,0x00,0x00,0x00,0x00,0x00,0x00,
    0x00,0x00,0x00,0x00,0x00,0x00,0x00,0x00,
};
